concept,method,debias_layer,downstream_layer,layers_after,label,mmd2
male,diff_means,0,0,0,pos,0.26238104015621455
male,diff_means,0,0,0,neg,0.21320519863192366
male,diff_means,0,1,1,pos,0.10861290408583857
male,diff_means,0,1,1,neg,0.0705661087156011
male,diff_means,0,2,2,pos,0.046202309058423596
male,diff_means,0,2,2,neg,0.03146108567771844
male,diff_means,0,3,3,pos,0.03822722169337811
male,diff_means,0,3,3,neg,0.02189785540351763
male,diff_means,0,4,4,pos,0.021835207861993444
male,diff_means,0,4,4,neg,0.010572672977418485
male,diff_means,0,5,5,pos,0.009428806070816975
male,diff_means,0,5,5,neg,0.004630108020313939
male,diff_means,0,6,6,pos,0.0060470791613354
male,diff_means,0,6,6,neg,0.0020364551007727716
male,diff_means,0,7,7,pos,0.0029761777368277897
male,diff_means,0,7,7,neg,6.897736662447862e-05
male,diff_means,0,8,8,pos,0.00048507061824132336
male,diff_means,0,8,8,neg,0.0
male,diff_means,0,9,9,pos,0.0
male,diff_means,0,9,9,neg,0.0
male,diff_means,0,10,10,pos,0.0
male,diff_means,0,10,10,neg,0.0
male,diff_means,0,11,11,pos,0.0
male,diff_means,0,11,11,neg,0.0
male,diff_means,0,12,12,pos,0.0
male,diff_means,0,12,12,neg,0.0
male,diff_means,0,13,13,pos,0.0
male,diff_means,0,13,13,neg,0.0
male,diff_means,0,14,14,pos,0.0
male,diff_means,0,14,14,neg,0.0
male,diff_means,0,15,15,pos,0.0
male,diff_means,0,15,15,neg,0.0
male,diff_means,0,16,16,pos,0.0
male,diff_means,0,16,16,neg,0.0
male,diff_means,0,17,17,pos,0.0
male,diff_means,0,17,17,neg,0.0
male,diff_means,0,18,18,pos,0.0
male,diff_means,0,18,18,neg,0.0
male,diff_means,0,19,19,pos,0.0
male,diff_means,0,19,19,neg,0.0
male,diff_means,0,20,20,pos,0.0
male,diff_means,0,20,20,neg,0.0
male,diff_means,0,21,21,pos,0.0
male,diff_means,0,21,21,neg,0.0
male,diff_means,0,22,22,pos,0.0
male,diff_means,0,22,22,neg,0.0
male,diff_means,0,23,23,pos,0.0
male,diff_means,0,23,23,neg,0.0
male,diff_means,1,1,0,pos,0.05925488324671013
male,diff_means,1,1,0,neg,0.11520771369549698
male,diff_means,1,2,1,pos,0.01712593322974465
male,diff_means,1,2,1,neg,0.04288708282894471
male,diff_means,1,3,2,pos,0.012208153684530654
male,diff_means,1,3,2,neg,0.027087744226175436
male,diff_means,1,4,3,pos,0.005913255243902293
male,diff_means,1,4,3,neg,0.01463033511393097
male,diff_means,1,5,4,pos,0.003440426674399255
male,diff_means,1,5,4,neg,0.006682310398165026
male,diff_means,1,6,5,pos,0.0008487270466570607
male,diff_means,1,6,5,neg,0.0031225782717256845
male,diff_means,1,7,6,pos,0.0
male,diff_means,1,7,6,neg,0.0006504930850801394
male,diff_means,1,8,7,pos,0.0
male,diff_means,1,8,7,neg,0.0
male,diff_means,1,9,8,pos,0.0
male,diff_means,1,9,8,neg,0.0
male,diff_means,1,10,9,pos,0.0
male,diff_means,1,10,9,neg,0.0
male,diff_means,1,11,10,pos,0.0
male,diff_means,1,11,10,neg,0.0
male,diff_means,1,12,11,pos,0.0
male,diff_means,1,12,11,neg,0.0
male,diff_means,1,13,12,pos,0.0
male,diff_means,1,13,12,neg,0.0
male,diff_means,1,14,13,pos,0.0
male,diff_means,1,14,13,neg,0.0
male,diff_means,1,15,14,pos,0.0
male,diff_means,1,15,14,neg,0.0
male,diff_means,1,16,15,pos,0.0
male,diff_means,1,16,15,neg,0.0
male,diff_means,1,17,16,pos,0.0
male,diff_means,1,17,16,neg,0.0
male,diff_means,1,18,17,pos,0.0
male,diff_means,1,18,17,neg,0.0
male,diff_means,1,19,18,pos,0.0
male,diff_means,1,19,18,neg,0.0
male,diff_means,1,20,19,pos,0.0
male,diff_means,1,20,19,neg,0.0
male,diff_means,1,21,20,pos,0.0
male,diff_means,1,21,20,neg,0.0
male,diff_means,1,22,21,pos,0.0
male,diff_means,1,22,21,neg,0.0
male,diff_means,1,23,22,pos,0.0
male,diff_means,1,23,22,neg,0.0
male,diff_means,2,2,0,pos,0.1542142305852534
male,diff_means,2,2,0,neg,0.23314118032596154
male,diff_means,2,3,1,pos,0.11019896851087041
male,diff_means,2,3,1,neg,0.16227571447310218
male,diff_means,2,4,2,pos,0.06551756999266156
male,diff_means,2,4,2,neg,0.09090552369759797
male,diff_means,2,5,3,pos,0.036036362266938626
male,diff_means,2,5,3,neg,0.0531007504776968
male,diff_means,2,6,4,pos,0.024781209270881677
male,diff_means,2,6,4,neg,0.03331528430159203
male,diff_means,2,7,5,pos,0.015555814406149837
male,diff_means,2,7,5,neg,0.02188714209520004
male,diff_means,2,8,6,pos,0.007648024463477343
male,diff_means,2,8,6,neg,0.0103675618116148
male,diff_means,2,9,7,pos,0.005574342657541864
male,diff_means,2,9,7,neg,0.004648087379066856
male,diff_means,2,10,8,pos,0.0029934521893626442
male,diff_means,2,10,8,neg,0.001967500149705703
male,diff_means,2,11,9,pos,0.0016032969199342162
male,diff_means,2,11,9,neg,0.00012899908617169942
male,diff_means,2,12,10,pos,0.00010458057388751385
male,diff_means,2,12,10,neg,0.0
male,diff_means,2,13,11,pos,0.00043265990148233513
male,diff_means,2,13,11,neg,0.0
male,diff_means,2,14,12,pos,0.0
male,diff_means,2,14,12,neg,0.0
male,diff_means,2,15,13,pos,4.318947991710509e-05
male,diff_means,2,15,13,neg,0.0
male,diff_means,2,16,14,pos,0.0
male,diff_means,2,16,14,neg,0.0
male,diff_means,2,17,15,pos,0.0
male,diff_means,2,17,15,neg,0.0
male,diff_means,2,18,16,pos,0.0
male,diff_means,2,18,16,neg,0.0
male,diff_means,2,19,17,pos,0.0
male,diff_means,2,19,17,neg,0.0
male,diff_means,2,20,18,pos,0.0
male,diff_means,2,20,18,neg,0.0
male,diff_means,2,21,19,pos,0.0
male,diff_means,2,21,19,neg,0.0
male,diff_means,2,22,20,pos,0.0
male,diff_means,2,22,20,neg,0.0
male,diff_means,2,23,21,pos,0.0
male,diff_means,2,23,21,neg,0.0
male,diff_means,3,3,0,pos,0.14912389263394332
male,diff_means,3,3,0,neg,0.21607712087739928
male,diff_means,3,4,1,pos,0.07873476057041295
male,diff_means,3,4,1,neg,0.11012518236769986
male,diff_means,3,5,2,pos,0.038405107459812404
male,diff_means,3,5,2,neg,0.06087681561468705
male,diff_means,3,6,3,pos,0.026337298006466447
male,diff_means,3,6,3,neg,0.03848004996347387
male,diff_means,3,7,4,pos,0.01573916993777158
male,diff_means,3,7,4,neg,0.025348027248661475
male,diff_means,3,8,5,pos,0.009252298866820663
male,diff_means,3,8,5,neg,0.012378535432564952
male,diff_means,3,9,6,pos,0.0057563503559230345
male,diff_means,3,9,6,neg,0.005816394588749718
male,diff_means,3,10,7,pos,0.004045552520475892
male,diff_means,3,10,7,neg,0.002885678981681794
male,diff_means,3,11,8,pos,0.0012640071685905419
male,diff_means,3,11,8,neg,0.0008196851293007512
male,diff_means,3,12,9,pos,0.0007810018473808356
male,diff_means,3,12,9,neg,0.0
male,diff_means,3,13,10,pos,0.0006737721910665684
male,diff_means,3,13,10,neg,0.0
male,diff_means,3,14,11,pos,0.0
male,diff_means,3,14,11,neg,0.0
male,diff_means,3,15,12,pos,0.0
male,diff_means,3,15,12,neg,0.0
male,diff_means,3,16,13,pos,0.0001757465960494642
male,diff_means,3,16,13,neg,0.0
male,diff_means,3,17,14,pos,0.0
male,diff_means,3,17,14,neg,0.0
male,diff_means,3,18,15,pos,0.0
male,diff_means,3,18,15,neg,0.0
male,diff_means,3,19,16,pos,0.0
male,diff_means,3,19,16,neg,0.0
male,diff_means,3,20,17,pos,0.0
male,diff_means,3,20,17,neg,0.0
male,diff_means,3,21,18,pos,0.0
male,diff_means,3,21,18,neg,0.0
male,diff_means,3,22,19,pos,0.0
male,diff_means,3,22,19,neg,0.0
male,diff_means,3,23,20,pos,0.0
male,diff_means,3,23,20,neg,0.0
male,diff_means,4,4,0,pos,0.02042176260528228
male,diff_means,4,4,0,neg,0.0004151597848440769
male,diff_means,4,5,1,pos,0.009143985546425704
male,diff_means,4,5,1,neg,0.0
male,diff_means,4,6,2,pos,0.0061054623398750785
male,diff_means,4,6,2,neg,0.0
male,diff_means,4,7,3,pos,0.003992466696427055
male,diff_means,4,7,3,neg,0.0
male,diff_means,4,8,4,pos,0.0016939121117351963
male,diff_means,4,8,4,neg,0.0
male,diff_means,4,9,5,pos,4.804711746242418e-05
male,diff_means,4,9,5,neg,0.0
male,diff_means,4,10,6,pos,0.0
male,diff_means,4,10,6,neg,0.0
male,diff_means,4,11,7,pos,0.0
male,diff_means,4,11,7,neg,0.0
male,diff_means,4,12,8,pos,0.0
male,diff_means,4,12,8,neg,0.0
male,diff_means,4,13,9,pos,0.0
male,diff_means,4,13,9,neg,0.0
male,diff_means,4,14,10,pos,0.0
male,diff_means,4,14,10,neg,0.0
male,diff_means,4,15,11,pos,0.0
male,diff_means,4,15,11,neg,0.0
male,diff_means,4,16,12,pos,0.0
male,diff_means,4,16,12,neg,0.0
male,diff_means,4,17,13,pos,0.0
male,diff_means,4,17,13,neg,0.0
male,diff_means,4,18,14,pos,0.0
male,diff_means,4,18,14,neg,0.0
male,diff_means,4,19,15,pos,0.0
male,diff_means,4,19,15,neg,0.0
male,diff_means,4,20,16,pos,0.0
male,diff_means,4,20,16,neg,0.0
male,diff_means,4,21,17,pos,0.0
male,diff_means,4,21,17,neg,0.0
male,diff_means,4,22,18,pos,0.0
male,diff_means,4,22,18,neg,0.0
male,diff_means,4,23,19,pos,0.0
male,diff_means,4,23,19,neg,0.0
male,diff_means,5,5,0,pos,0.11574501224841205
male,diff_means,5,5,0,neg,0.06054162069702862
male,diff_means,5,6,1,pos,0.0683553903104217
male,diff_means,5,6,1,neg,0.032625089279133324
male,diff_means,5,7,2,pos,0.04332439217394746
male,diff_means,5,7,2,neg,0.02014427142058728
male,diff_means,5,8,3,pos,0.023775382943097334
male,diff_means,5,8,3,neg,0.009195865524430191
male,diff_means,5,9,4,pos,0.011756923245609174
male,diff_means,5,9,4,neg,0.0030464993041174893
male,diff_means,5,10,5,pos,0.00728685829861675
male,diff_means,5,10,5,neg,0.0010385885858774646
male,diff_means,5,11,6,pos,0.00424602108573513
male,diff_means,5,11,6,neg,0.0
male,diff_means,5,12,7,pos,0.002699755716774943
male,diff_means,5,12,7,neg,0.0
male,diff_means,5,13,8,pos,0.001595570529156598
male,diff_means,5,13,8,neg,0.0
male,diff_means,5,14,9,pos,0.0011023694853797839
male,diff_means,5,14,9,neg,0.0
male,diff_means,5,15,10,pos,0.0004865063410319781
male,diff_means,5,15,10,neg,0.0
male,diff_means,5,16,11,pos,0.0003278324726365689
male,diff_means,5,16,11,neg,0.0
male,diff_means,5,17,12,pos,0.0
male,diff_means,5,17,12,neg,0.0
male,diff_means,5,18,13,pos,0.0
male,diff_means,5,18,13,neg,0.0
male,diff_means,5,19,14,pos,0.0
male,diff_means,5,19,14,neg,0.0
male,diff_means,5,20,15,pos,0.0
male,diff_means,5,20,15,neg,0.0
male,diff_means,5,21,16,pos,0.0
male,diff_means,5,21,16,neg,0.0
male,diff_means,5,22,17,pos,0.0
male,diff_means,5,22,17,neg,0.0
male,diff_means,5,23,18,pos,0.0
male,diff_means,5,23,18,neg,0.0
male,diff_means,6,6,0,pos,0.07227341005930632
male,diff_means,6,6,0,neg,0.027496900486918108
male,diff_means,6,7,1,pos,0.04501109928777014
male,diff_means,6,7,1,neg,0.015265821951220948
male,diff_means,6,8,2,pos,0.02103074816286421
male,diff_means,6,8,2,neg,0.0056130964966325525
male,diff_means,6,9,3,pos,0.010888702390522642
male,diff_means,6,9,3,neg,0.0011292130141895562
male,diff_means,6,10,4,pos,0.007115218405409296
male,diff_means,6,10,4,neg,0.0
male,diff_means,6,11,5,pos,0.00392366354389595
male,diff_means,6,11,5,neg,0.0
male,diff_means,6,12,6,pos,0.0030818216884420657
male,diff_means,6,12,6,neg,0.0
male,diff_means,6,13,7,pos,0.0015862542565687754
male,diff_means,6,13,7,neg,0.0
male,diff_means,6,14,8,pos,0.0009788510917807525
male,diff_means,6,14,8,neg,0.0
male,diff_means,6,15,9,pos,0.0006054387174256881
male,diff_means,6,15,9,neg,0.0
male,diff_means,6,16,10,pos,0.00037967447672748733
male,diff_means,6,16,10,neg,0.0
male,diff_means,6,17,11,pos,0.0
male,diff_means,6,17,11,neg,0.0
male,diff_means,6,18,12,pos,0.0
male,diff_means,6,18,12,neg,0.0
male,diff_means,6,19,13,pos,0.0
male,diff_means,6,19,13,neg,0.0
male,diff_means,6,20,14,pos,0.0
male,diff_means,6,20,14,neg,0.0
male,diff_means,6,21,15,pos,0.0
male,diff_means,6,21,15,neg,0.0
male,diff_means,6,22,16,pos,0.0
male,diff_means,6,22,16,neg,0.0
male,diff_means,6,23,17,pos,0.0
male,diff_means,6,23,17,neg,0.0
male,diff_means,7,7,0,pos,0.019302874648456925
male,diff_means,7,7,0,neg,0.0
male,diff_means,7,8,1,pos,0.007352913811975004
male,diff_means,7,8,1,neg,0.0
male,diff_means,7,9,2,pos,0.0028090762359083143
male,diff_means,7,9,2,neg,0.0
male,diff_means,7,10,3,pos,0.0016670675202823393
male,diff_means,7,10,3,neg,0.0
male,diff_means,7,11,4,pos,0.0007385879924048933
male,diff_means,7,11,4,neg,0.0
male,diff_means,7,12,5,pos,0.0
male,diff_means,7,12,5,neg,0.0
male,diff_means,7,13,6,pos,0.0
male,diff_means,7,13,6,neg,0.0
male,diff_means,7,14,7,pos,0.0
male,diff_means,7,14,7,neg,0.0
male,diff_means,7,15,8,pos,0.0
male,diff_means,7,15,8,neg,0.0
male,diff_means,7,16,9,pos,0.0
male,diff_means,7,16,9,neg,0.0
male,diff_means,7,17,10,pos,0.0
male,diff_means,7,17,10,neg,0.0
male,diff_means,7,18,11,pos,0.0
male,diff_means,7,18,11,neg,0.0
male,diff_means,7,19,12,pos,0.0
male,diff_means,7,19,12,neg,0.0
male,diff_means,7,20,13,pos,0.0
male,diff_means,7,20,13,neg,0.0
male,diff_means,7,21,14,pos,0.0
male,diff_means,7,21,14,neg,0.0
male,diff_means,7,22,15,pos,0.0
male,diff_means,7,22,15,neg,0.0
male,diff_means,7,23,16,pos,0.0
male,diff_means,7,23,16,neg,0.0
male,diff_means,8,8,0,pos,0.0033991398051578248
male,diff_means,8,8,0,neg,0.0
male,diff_means,8,9,1,pos,0.0013569069381578203
male,diff_means,8,9,1,neg,0.0
male,diff_means,8,10,2,pos,0.00013371480260149227
male,diff_means,8,10,2,neg,0.0
male,diff_means,8,11,3,pos,0.0
male,diff_means,8,11,3,neg,0.0
male,diff_means,8,12,4,pos,0.0
male,diff_means,8,12,4,neg,0.0
male,diff_means,8,13,5,pos,0.0
male,diff_means,8,13,5,neg,0.0
male,diff_means,8,14,6,pos,0.0
male,diff_means,8,14,6,neg,0.0
male,diff_means,8,15,7,pos,0.0
male,diff_means,8,15,7,neg,0.0
male,diff_means,8,16,8,pos,0.0
male,diff_means,8,16,8,neg,0.0
male,diff_means,8,17,9,pos,0.0
male,diff_means,8,17,9,neg,0.0
male,diff_means,8,18,10,pos,0.0
male,diff_means,8,18,10,neg,0.0
male,diff_means,8,19,11,pos,0.0
male,diff_means,8,19,11,neg,0.0
male,diff_means,8,20,12,pos,0.0
male,diff_means,8,20,12,neg,0.0
male,diff_means,8,21,13,pos,0.0
male,diff_means,8,21,13,neg,0.0
male,diff_means,8,22,14,pos,0.0
male,diff_means,8,22,14,neg,0.0
male,diff_means,8,23,15,pos,0.0
male,diff_means,8,23,15,neg,0.0
male,diff_means,9,9,0,pos,0.0018744566888670988
male,diff_means,9,9,0,neg,0.0
male,diff_means,9,10,1,pos,0.0009966227710205278
male,diff_means,9,10,1,neg,0.0
male,diff_means,9,11,2,pos,0.0
male,diff_means,9,11,2,neg,0.0
male,diff_means,9,12,3,pos,0.0
male,diff_means,9,12,3,neg,0.0
male,diff_means,9,13,4,pos,0.0
male,diff_means,9,13,4,neg,0.0
male,diff_means,9,14,5,pos,0.0
male,diff_means,9,14,5,neg,0.0
male,diff_means,9,15,6,pos,0.0
male,diff_means,9,15,6,neg,0.0
male,diff_means,9,16,7,pos,0.0
male,diff_means,9,16,7,neg,0.0
male,diff_means,9,17,8,pos,0.0
male,diff_means,9,17,8,neg,0.0
male,diff_means,9,18,9,pos,0.0
male,diff_means,9,18,9,neg,0.0
male,diff_means,9,19,10,pos,0.0
male,diff_means,9,19,10,neg,0.0
male,diff_means,9,20,11,pos,0.0
male,diff_means,9,20,11,neg,0.0
male,diff_means,9,21,12,pos,0.0
male,diff_means,9,21,12,neg,0.0
male,diff_means,9,22,13,pos,0.0
male,diff_means,9,22,13,neg,0.0
male,diff_means,9,23,14,pos,0.0
male,diff_means,9,23,14,neg,0.0
male,diff_means,10,10,0,pos,0.022375537840058524
male,diff_means,10,10,0,neg,0.001198699269489012
male,diff_means,10,11,1,pos,0.010549841798977333
male,diff_means,10,11,1,neg,0.0
male,diff_means,10,12,2,pos,0.00773928545929814
male,diff_means,10,12,2,neg,0.0
male,diff_means,10,13,3,pos,0.004496942594455211
male,diff_means,10,13,3,neg,0.0
male,diff_means,10,14,4,pos,0.0032523246671636308
male,diff_means,10,14,4,neg,0.0
male,diff_means,10,15,5,pos,0.002047330898250932
male,diff_means,10,15,5,neg,0.0
male,diff_means,10,16,6,pos,0.0012784137084733693
male,diff_means,10,16,6,neg,0.0
male,diff_means,10,17,7,pos,0.00037546163118218345
male,diff_means,10,17,7,neg,0.0
male,diff_means,10,18,8,pos,0.0
male,diff_means,10,18,8,neg,0.0
male,diff_means,10,19,9,pos,0.0
male,diff_means,10,19,9,neg,0.0
male,diff_means,10,20,10,pos,0.0
male,diff_means,10,20,10,neg,0.0
male,diff_means,10,21,11,pos,0.0
male,diff_means,10,21,11,neg,0.0
male,diff_means,10,22,12,pos,0.0
male,diff_means,10,22,12,neg,0.0
male,diff_means,10,23,13,pos,0.0
male,diff_means,10,23,13,neg,0.0
male,diff_means,11,11,0,pos,0.030859248110050475
male,diff_means,11,11,0,neg,0.005766483167254144
male,diff_means,11,12,1,pos,0.020247310211656044
male,diff_means,11,12,1,neg,0.003106318044701739
male,diff_means,11,13,2,pos,0.017324824781586923
male,diff_means,11,13,2,neg,0.0015845429320273663
male,diff_means,11,14,3,pos,0.011932361070597475
male,diff_means,11,14,3,neg,0.0007813052423908395
male,diff_means,11,15,4,pos,0.008687528748050122
male,diff_means,11,15,4,neg,7.916302326016478e-05
male,diff_means,11,16,5,pos,0.00610140427460637
male,diff_means,11,16,5,neg,0.0
male,diff_means,11,17,6,pos,0.00414046002389612
male,diff_means,11,17,6,neg,0.0
male,diff_means,11,18,7,pos,0.0016830871388393565
male,diff_means,11,18,7,neg,0.0
male,diff_means,11,19,8,pos,0.0001730202032836914
male,diff_means,11,19,8,neg,0.0
male,diff_means,11,20,9,pos,0.0005574309589384541
male,diff_means,11,20,9,neg,0.0
male,diff_means,11,21,10,pos,0.0
male,diff_means,11,21,10,neg,0.0
male,diff_means,11,22,11,pos,0.0
male,diff_means,11,22,11,neg,0.0
male,diff_means,11,23,12,pos,0.0
male,diff_means,11,23,12,neg,0.0
male,diff_means,12,12,0,pos,0.03138598535533932
male,diff_means,12,12,0,neg,0.005827570116675451
male,diff_means,12,13,1,pos,0.020591166990923115
male,diff_means,12,13,1,neg,0.0032088038847133404
male,diff_means,12,14,2,pos,0.018237094470395565
male,diff_means,12,14,2,neg,0.00185437684913059
male,diff_means,12,15,3,pos,0.01078543147564992
male,diff_means,12,15,3,neg,0.0006802022356684478
male,diff_means,12,16,4,pos,0.008179167829905243
male,diff_means,12,16,4,neg,0.0
male,diff_means,12,17,5,pos,0.004503604154901364
male,diff_means,12,17,5,neg,0.0
male,diff_means,12,18,6,pos,0.0030616735241415505
male,diff_means,12,18,6,neg,0.0
male,diff_means,12,19,7,pos,0.0014848814290413515
male,diff_means,12,19,7,neg,0.0
male,diff_means,12,20,8,pos,0.0003628799763006896
male,diff_means,12,20,8,neg,0.0
male,diff_means,12,21,9,pos,0.0
male,diff_means,12,21,9,neg,0.0
male,diff_means,12,22,10,pos,0.0
male,diff_means,12,22,10,neg,0.0
male,diff_means,12,23,11,pos,0.0
male,diff_means,12,23,11,neg,0.0
male,diff_means,13,13,0,pos,0.011481700311481324
male,diff_means,13,13,0,neg,0.0
male,diff_means,13,14,1,pos,0.009165627393624254
male,diff_means,13,14,1,neg,0.0
male,diff_means,13,15,2,pos,0.0054626622048628
male,diff_means,13,15,2,neg,0.0
male,diff_means,13,16,3,pos,0.0046359311029609
male,diff_means,13,16,3,neg,0.0
male,diff_means,13,17,4,pos,0.0019857908377634015
male,diff_means,13,17,4,neg,0.0
male,diff_means,13,18,5,pos,0.0009292934814097986
male,diff_means,13,18,5,neg,0.0
male,diff_means,13,19,6,pos,0.0
male,diff_means,13,19,6,neg,0.0
male,diff_means,13,20,7,pos,0.0
male,diff_means,13,20,7,neg,0.0
male,diff_means,13,21,8,pos,0.0
male,diff_means,13,21,8,neg,0.0
male,diff_means,13,22,9,pos,0.0
male,diff_means,13,22,9,neg,0.0
male,diff_means,13,23,10,pos,0.0
male,diff_means,13,23,10,neg,0.0
male,diff_means,14,14,0,pos,0.002155081551961091
male,diff_means,14,14,0,neg,0.0
male,diff_means,14,15,1,pos,0.0012680196653920284
male,diff_means,14,15,1,neg,0.0
male,diff_means,14,16,2,pos,0.00047098589931238166
male,diff_means,14,16,2,neg,0.0
male,diff_means,14,17,3,pos,0.0003214672578508715
male,diff_means,14,17,3,neg,0.0
male,diff_means,14,18,4,pos,0.0
male,diff_means,14,18,4,neg,0.0
male,diff_means,14,19,5,pos,0.0
male,diff_means,14,19,5,neg,0.0
male,diff_means,14,20,6,pos,0.0
male,diff_means,14,20,6,neg,0.0
male,diff_means,14,21,7,pos,0.0
male,diff_means,14,21,7,neg,0.0
male,diff_means,14,22,8,pos,0.0
male,diff_means,14,22,8,neg,0.0
male,diff_means,14,23,9,pos,0.0
male,diff_means,14,23,9,neg,0.0
male,diff_means,15,15,0,pos,0.0012647279868922556
male,diff_means,15,15,0,neg,0.0
male,diff_means,15,16,1,pos,0.0007892375276679076
male,diff_means,15,16,1,neg,0.0
male,diff_means,15,17,2,pos,0.00015592351718729525
male,diff_means,15,17,2,neg,0.0
male,diff_means,15,18,3,pos,0.0
male,diff_means,15,18,3,neg,0.0
male,diff_means,15,19,4,pos,0.0
male,diff_means,15,19,4,neg,0.0
male,diff_means,15,20,5,pos,0.0
male,diff_means,15,20,5,neg,0.0
male,diff_means,15,21,6,pos,0.0
male,diff_means,15,21,6,neg,0.0
male,diff_means,15,22,7,pos,0.0
male,diff_means,15,22,7,neg,0.0
male,diff_means,15,23,8,pos,0.0
male,diff_means,15,23,8,neg,0.0
male,diff_means,16,16,0,pos,0.011242543212044875
male,diff_means,16,16,0,neg,0.0
male,diff_means,16,17,1,pos,0.006795071024428667
male,diff_means,16,17,1,neg,0.0
male,diff_means,16,18,2,pos,0.004270926167030176
male,diff_means,16,18,2,neg,0.0
male,diff_means,16,19,3,pos,0.001936501860938078
male,diff_means,16,19,3,neg,0.0
male,diff_means,16,20,4,pos,0.0007433760161428271
male,diff_means,16,20,4,neg,0.0
male,diff_means,16,21,5,pos,0.0
male,diff_means,16,21,5,neg,0.0
male,diff_means,16,22,6,pos,0.0
male,diff_means,16,22,6,neg,0.0
male,diff_means,16,23,7,pos,0.0
male,diff_means,16,23,7,neg,0.0
male,diff_means,17,17,0,pos,0.0048669824559066655
male,diff_means,17,17,0,neg,0.0
male,diff_means,17,18,1,pos,0.002541081055633221
male,diff_means,17,18,1,neg,0.0
male,diff_means,17,19,2,pos,0.0008273833452256962
male,diff_means,17,19,2,neg,0.0
male,diff_means,17,20,3,pos,0.000436949279447596
male,diff_means,17,20,3,neg,0.0
male,diff_means,17,21,4,pos,0.0
male,diff_means,17,21,4,neg,0.0
male,diff_means,17,22,5,pos,0.0
male,diff_means,17,22,5,neg,0.0
male,diff_means,17,23,6,pos,0.0
male,diff_means,17,23,6,neg,0.0
male,diff_means,18,18,0,pos,0.0029806477519300767
male,diff_means,18,18,0,neg,0.003325192193936566
male,diff_means,18,19,1,pos,0.0005823904132979951
male,diff_means,18,19,1,neg,4.8314622434375565e-05
male,diff_means,18,20,2,pos,0.0004404854800086344
male,diff_means,18,20,2,neg,0.0
male,diff_means,18,21,3,pos,0.0
male,diff_means,18,21,3,neg,0.0
male,diff_means,18,22,4,pos,0.0
male,diff_means,18,22,4,neg,0.0
male,diff_means,18,23,5,pos,0.0
male,diff_means,18,23,5,neg,0.0
male,diff_means,19,19,0,pos,0.0
male,diff_means,19,19,0,neg,0.014530903249154292
male,diff_means,19,20,1,pos,0.0
male,diff_means,19,20,1,neg,0.010524320946367682
male,diff_means,19,21,2,pos,0.0
male,diff_means,19,21,2,neg,0.0055208136578253075
male,diff_means,19,22,3,pos,0.0
male,diff_means,19,22,3,neg,0.0014013879403049767
male,diff_means,19,23,4,pos,0.0
male,diff_means,19,23,4,neg,0.0
male,diff_means,20,20,0,pos,0.0
male,diff_means,20,20,0,neg,0.015083161456834526
male,diff_means,20,21,1,pos,0.0
male,diff_means,20,21,1,neg,0.00837081655875238
male,diff_means,20,22,2,pos,0.0
male,diff_means,20,22,2,neg,0.0028493403789884297
male,diff_means,20,23,3,pos,0.0
male,diff_means,20,23,3,neg,0.0
male,diff_means,21,21,0,pos,0.0
male,diff_means,21,21,0,neg,0.022675158081364666
male,diff_means,21,22,1,pos,0.0
male,diff_means,21,22,1,neg,0.010555732671691409
male,diff_means,21,23,2,pos,0.0
male,diff_means,21,23,2,neg,0.003453559886904989
male,diff_means,22,22,0,pos,0.0
male,diff_means,22,22,0,neg,0.029572140791813695
male,diff_means,22,23,1,pos,0.0
male,diff_means,22,23,1,neg,0.011985477427914004
male,diff_means,23,23,0,pos,0.0031534844030565168
male,diff_means,23,23,0,neg,0.02209202035952429
male,lr,0,0,0,pos,0.0002820447038334173
male,lr,0,0,0,neg,0.0002368850071430284
male,lr,0,1,1,pos,0.0
male,lr,0,1,1,neg,0.0
male,lr,0,2,2,pos,0.0
male,lr,0,2,2,neg,0.0
male,lr,0,3,3,pos,0.0
male,lr,0,3,3,neg,0.0
male,lr,0,4,4,pos,0.0
male,lr,0,4,4,neg,0.0
male,lr,0,5,5,pos,0.0
male,lr,0,5,5,neg,0.0
male,lr,0,6,6,pos,0.0
male,lr,0,6,6,neg,0.0
male,lr,0,7,7,pos,0.0
male,lr,0,7,7,neg,0.0
male,lr,0,8,8,pos,0.0
male,lr,0,8,8,neg,0.0
male,lr,0,9,9,pos,0.0
male,lr,0,9,9,neg,0.0
male,lr,0,10,10,pos,0.0
male,lr,0,10,10,neg,0.0
male,lr,0,11,11,pos,0.0
male,lr,0,11,11,neg,0.0
male,lr,0,12,12,pos,0.0
male,lr,0,12,12,neg,0.0
male,lr,0,13,13,pos,0.0
male,lr,0,13,13,neg,0.0
male,lr,0,14,14,pos,0.0
male,lr,0,14,14,neg,0.0
male,lr,0,15,15,pos,0.0
male,lr,0,15,15,neg,0.0
male,lr,0,16,16,pos,0.0
male,lr,0,16,16,neg,0.0
male,lr,0,17,17,pos,0.0
male,lr,0,17,17,neg,0.0
male,lr,0,18,18,pos,0.0
male,lr,0,18,18,neg,0.0
male,lr,0,19,19,pos,0.0
male,lr,0,19,19,neg,0.0
male,lr,0,20,20,pos,0.0
male,lr,0,20,20,neg,0.0
male,lr,0,21,21,pos,0.0
male,lr,0,21,21,neg,0.0
male,lr,0,22,22,pos,0.0
male,lr,0,22,22,neg,0.0
male,lr,0,23,23,pos,0.0
male,lr,0,23,23,neg,0.0
male,lr,1,1,0,pos,0.00038504183506415934
male,lr,1,1,0,neg,0.0
male,lr,1,2,1,pos,0.0
male,lr,1,2,1,neg,0.0
male,lr,1,3,2,pos,0.0
male,lr,1,3,2,neg,0.0
male,lr,1,4,3,pos,0.0
male,lr,1,4,3,neg,0.0
male,lr,1,5,4,pos,0.0
male,lr,1,5,4,neg,0.0
male,lr,1,6,5,pos,0.0
male,lr,1,6,5,neg,0.0
male,lr,1,7,6,pos,0.0
male,lr,1,7,6,neg,0.0
male,lr,1,8,7,pos,0.0
male,lr,1,8,7,neg,0.0
male,lr,1,9,8,pos,0.0
male,lr,1,9,8,neg,0.0
male,lr,1,10,9,pos,0.0
male,lr,1,10,9,neg,0.0
male,lr,1,11,10,pos,0.0
male,lr,1,11,10,neg,0.0
male,lr,1,12,11,pos,0.0
male,lr,1,12,11,neg,0.0
male,lr,1,13,12,pos,0.0
male,lr,1,13,12,neg,0.0
male,lr,1,14,13,pos,0.0
male,lr,1,14,13,neg,0.0
male,lr,1,15,14,pos,0.0
male,lr,1,15,14,neg,0.0
male,lr,1,16,15,pos,0.0
male,lr,1,16,15,neg,0.0
male,lr,1,17,16,pos,0.0
male,lr,1,17,16,neg,0.0
male,lr,1,18,17,pos,0.0
male,lr,1,18,17,neg,0.0
male,lr,1,19,18,pos,0.0
male,lr,1,19,18,neg,0.0
male,lr,1,20,19,pos,0.0
male,lr,1,20,19,neg,0.0
male,lr,1,21,20,pos,0.0
male,lr,1,21,20,neg,0.0
male,lr,1,22,21,pos,0.0
male,lr,1,22,21,neg,0.0
male,lr,1,23,22,pos,0.0
male,lr,1,23,22,neg,0.0
male,lr,2,2,0,pos,0.0
male,lr,2,2,0,neg,0.0
male,lr,2,3,1,pos,0.0
male,lr,2,3,1,neg,0.0
male,lr,2,4,2,pos,0.0
male,lr,2,4,2,neg,0.0
male,lr,2,5,3,pos,0.0
male,lr,2,5,3,neg,0.0
male,lr,2,6,4,pos,0.0
male,lr,2,6,4,neg,0.0
male,lr,2,7,5,pos,0.0
male,lr,2,7,5,neg,0.0
male,lr,2,8,6,pos,0.0
male,lr,2,8,6,neg,0.0
male,lr,2,9,7,pos,0.0
male,lr,2,9,7,neg,0.0
male,lr,2,10,8,pos,0.0
male,lr,2,10,8,neg,0.0
male,lr,2,11,9,pos,0.0
male,lr,2,11,9,neg,0.0
male,lr,2,12,10,pos,0.0
male,lr,2,12,10,neg,0.0
male,lr,2,13,11,pos,0.0
male,lr,2,13,11,neg,0.0
male,lr,2,14,12,pos,0.0
male,lr,2,14,12,neg,0.0
male,lr,2,15,13,pos,0.0
male,lr,2,15,13,neg,0.0
male,lr,2,16,14,pos,0.0
male,lr,2,16,14,neg,0.0
male,lr,2,17,15,pos,0.0
male,lr,2,17,15,neg,0.0
male,lr,2,18,16,pos,0.0
male,lr,2,18,16,neg,0.0
male,lr,2,19,17,pos,0.0
male,lr,2,19,17,neg,0.0
male,lr,2,20,18,pos,0.0
male,lr,2,20,18,neg,0.0
male,lr,2,21,19,pos,0.0
male,lr,2,21,19,neg,0.0
male,lr,2,22,20,pos,0.0
male,lr,2,22,20,neg,0.0
male,lr,2,23,21,pos,0.0
male,lr,2,23,21,neg,0.0
male,lr,3,3,0,pos,0.0
male,lr,3,3,0,neg,0.0
male,lr,3,4,1,pos,0.0
male,lr,3,4,1,neg,0.0
male,lr,3,5,2,pos,0.0
male,lr,3,5,2,neg,0.0
male,lr,3,6,3,pos,0.0
male,lr,3,6,3,neg,0.0
male,lr,3,7,4,pos,0.0
male,lr,3,7,4,neg,0.0
male,lr,3,8,5,pos,0.0
male,lr,3,8,5,neg,0.0
male,lr,3,9,6,pos,0.0
male,lr,3,9,6,neg,0.0
male,lr,3,10,7,pos,0.0
male,lr,3,10,7,neg,0.0
male,lr,3,11,8,pos,0.0
male,lr,3,11,8,neg,0.0
male,lr,3,12,9,pos,0.0
male,lr,3,12,9,neg,0.0
male,lr,3,13,10,pos,0.0
male,lr,3,13,10,neg,0.0
male,lr,3,14,11,pos,0.0
male,lr,3,14,11,neg,0.0
male,lr,3,15,12,pos,0.0
male,lr,3,15,12,neg,0.0
male,lr,3,16,13,pos,0.0
male,lr,3,16,13,neg,0.0
male,lr,3,17,14,pos,0.0
male,lr,3,17,14,neg,0.0
male,lr,3,18,15,pos,0.0
male,lr,3,18,15,neg,0.0
male,lr,3,19,16,pos,0.0
male,lr,3,19,16,neg,0.0
male,lr,3,20,17,pos,0.0
male,lr,3,20,17,neg,0.0
male,lr,3,21,18,pos,0.0
male,lr,3,21,18,neg,0.0
male,lr,3,22,19,pos,0.0
male,lr,3,22,19,neg,0.0
male,lr,3,23,20,pos,0.0
male,lr,3,23,20,neg,0.0
male,lr,4,4,0,pos,0.0004822787752636337
male,lr,4,4,0,neg,0.0
male,lr,4,5,1,pos,0.0
male,lr,4,5,1,neg,0.0
male,lr,4,6,2,pos,0.0
male,lr,4,6,2,neg,0.0
male,lr,4,7,3,pos,0.0
male,lr,4,7,3,neg,0.0
male,lr,4,8,4,pos,0.0
male,lr,4,8,4,neg,0.0
male,lr,4,9,5,pos,0.0
male,lr,4,9,5,neg,0.0
male,lr,4,10,6,pos,0.0
male,lr,4,10,6,neg,0.0
male,lr,4,11,7,pos,0.0
male,lr,4,11,7,neg,0.0
male,lr,4,12,8,pos,0.0
male,lr,4,12,8,neg,0.0
male,lr,4,13,9,pos,0.0
male,lr,4,13,9,neg,0.0
male,lr,4,14,10,pos,0.0
male,lr,4,14,10,neg,0.0
male,lr,4,15,11,pos,0.0
male,lr,4,15,11,neg,0.0
male,lr,4,16,12,pos,0.0
male,lr,4,16,12,neg,0.0
male,lr,4,17,13,pos,0.0
male,lr,4,17,13,neg,0.0
male,lr,4,18,14,pos,0.0
male,lr,4,18,14,neg,0.0
male,lr,4,19,15,pos,0.0
male,lr,4,19,15,neg,0.0
male,lr,4,20,16,pos,0.0
male,lr,4,20,16,neg,0.0
male,lr,4,21,17,pos,0.0
male,lr,4,21,17,neg,0.0
male,lr,4,22,18,pos,0.0
male,lr,4,22,18,neg,0.0
male,lr,4,23,19,pos,0.0
male,lr,4,23,19,neg,0.0
male,lr,5,5,0,pos,0.2830941764366448
male,lr,5,5,0,neg,0.22033029184719322
male,lr,5,6,1,pos,0.17765610006987576
male,lr,5,6,1,neg,0.12595537502459053
male,lr,5,7,2,pos,0.10574052116591082
male,lr,5,7,2,neg,0.07652689891120579
male,lr,5,8,3,pos,0.05397680089263823
male,lr,5,8,3,neg,0.03705198772195328
male,lr,5,9,4,pos,0.03001412869628428
male,lr,5,9,4,neg,0.017966367331049504
male,lr,5,10,5,pos,0.01984911286488944
male,lr,5,10,5,neg,0.010802280542627551
male,lr,5,11,6,pos,0.012414312710262054
male,lr,5,11,6,neg,0.006501295386187156
male,lr,5,12,7,pos,0.009201134137553968
male,lr,5,12,7,neg,0.004943236177437749
male,lr,5,13,8,pos,0.007267439316867241
male,lr,5,13,8,neg,0.002904910696703622
male,lr,5,14,9,pos,0.004674109302870599
male,lr,5,14,9,neg,0.0014176210224539076
male,lr,5,15,10,pos,0.0036152670409002052
male,lr,5,15,10,neg,0.0003743719083917352
male,lr,5,16,11,pos,0.0017551205734267494
male,lr,5,16,11,neg,0.0
male,lr,5,17,12,pos,0.000321262344507689
male,lr,5,17,12,neg,0.0
male,lr,5,18,13,pos,0.0
male,lr,5,18,13,neg,0.0
male,lr,5,19,14,pos,0.0
male,lr,5,19,14,neg,0.0
male,lr,5,20,15,pos,0.0
male,lr,5,20,15,neg,0.0
male,lr,5,21,16,pos,0.0
male,lr,5,21,16,neg,0.0
male,lr,5,22,17,pos,0.0
male,lr,5,22,17,neg,0.0
male,lr,5,23,18,pos,0.0
male,lr,5,23,18,neg,0.0
male,lr,6,6,0,pos,0.19220786468855788
male,lr,6,6,0,neg,0.12520158686098548
male,lr,6,7,1,pos,0.11452930236562997
male,lr,6,7,1,neg,0.07278091697200151
male,lr,6,8,2,pos,0.050165883494329044
male,lr,6,8,2,neg,0.03031784610819699
male,lr,6,9,3,pos,0.02691432504625979
male,lr,6,9,3,neg,0.013358696359049071
male,lr,6,10,4,pos,0.017083896343135674
male,lr,6,10,4,neg,0.007445078221409052
male,lr,6,11,5,pos,0.009216769811906556
male,lr,6,11,5,neg,0.003292828851148899
male,lr,6,12,6,pos,0.00774331653305782
male,lr,6,12,6,neg,0.002491008343574963
male,lr,6,13,7,pos,0.005889037880275394
male,lr,6,13,7,neg,0.000919729729058627
male,lr,6,14,8,pos,0.0035928763278936238
male,lr,6,14,8,neg,7.417645445007004e-05
male,lr,6,15,9,pos,0.0024689121136121095
male,lr,6,15,9,neg,0.0
male,lr,6,16,10,pos,0.0018865504488878582
male,lr,6,16,10,neg,0.0
male,lr,6,17,11,pos,0.0005163492347541876
male,lr,6,17,11,neg,0.0
male,lr,6,18,12,pos,0.0
male,lr,6,18,12,neg,0.0
male,lr,6,19,13,pos,0.0
male,lr,6,19,13,neg,0.0
male,lr,6,20,14,pos,0.0
male,lr,6,20,14,neg,0.0
male,lr,6,21,15,pos,0.0
male,lr,6,21,15,neg,0.0
male,lr,6,22,16,pos,0.0
male,lr,6,22,16,neg,0.0
male,lr,6,23,17,pos,0.0
male,lr,6,23,17,neg,0.0
male,lr,7,7,0,pos,0.076896153236653
male,lr,7,7,0,neg,0.03393613859111699
male,lr,7,8,1,pos,0.030340751633817664
male,lr,7,8,1,neg,0.011315535506211782
male,lr,7,9,2,pos,0.013042444659063346
male,lr,7,9,2,neg,0.0031495221591297806
male,lr,7,10,3,pos,0.008049953899272433
male,lr,7,10,3,neg,0.0007769005870379431
male,lr,7,11,4,pos,0.003962021102234647
male,lr,7,11,4,neg,0.0
male,lr,7,12,5,pos,0.0023375691397684584
male,lr,7,12,5,neg,0.0
male,lr,7,13,6,pos,0.001219079000093659
male,lr,7,13,6,neg,0.0
male,lr,7,14,7,pos,0.0003972086470405145
male,lr,7,14,7,neg,0.0
male,lr,7,15,8,pos,0.0003451224943595843
male,lr,7,15,8,neg,0.0
male,lr,7,16,9,pos,0.0
male,lr,7,16,9,neg,0.0
male,lr,7,17,10,pos,0.0
male,lr,7,17,10,neg,0.0
male,lr,7,18,11,pos,0.0
male,lr,7,18,11,neg,0.0
male,lr,7,19,12,pos,0.0
male,lr,7,19,12,neg,0.0
male,lr,7,20,13,pos,0.0
male,lr,7,20,13,neg,0.0
male,lr,7,21,14,pos,0.0
male,lr,7,21,14,neg,0.0
male,lr,7,22,15,pos,0.0
male,lr,7,22,15,neg,0.0
male,lr,7,23,16,pos,0.0
male,lr,7,23,16,neg,0.0
male,lr,8,8,0,pos,0.03275793573199004
male,lr,8,8,0,neg,0.005922186000718366
male,lr,8,9,1,pos,0.012955598303148408
male,lr,8,9,1,neg,0.0007979388081731376
male,lr,8,10,2,pos,0.007850790352440074
male,lr,8,10,2,neg,0.0
male,lr,8,11,3,pos,0.003517977918324533
male,lr,8,11,3,neg,0.0
male,lr,8,12,4,pos,0.0021563281690406555
male,lr,8,12,4,neg,0.0
male,lr,8,13,5,pos,0.0011415011303816947
male,lr,8,13,5,neg,0.0
male,lr,8,14,6,pos,0.0005005968364564239
male,lr,8,14,6,neg,0.0
male,lr,8,15,7,pos,0.0
male,lr,8,15,7,neg,0.0
male,lr,8,16,8,pos,4.393842016225946e-05
male,lr,8,16,8,neg,0.0
male,lr,8,17,9,pos,0.0
male,lr,8,17,9,neg,0.0
male,lr,8,18,10,pos,0.0
male,lr,8,18,10,neg,0.0
male,lr,8,19,11,pos,0.0
male,lr,8,19,11,neg,0.0
male,lr,8,20,12,pos,0.0
male,lr,8,20,12,neg,0.0
male,lr,8,21,13,pos,0.0
male,lr,8,21,13,neg,0.0
male,lr,8,22,14,pos,0.0
male,lr,8,22,14,neg,0.0
male,lr,8,23,15,pos,0.0
male,lr,8,23,15,neg,0.0
male,lr,9,9,0,pos,0.01754814526365389
male,lr,9,9,0,neg,0.0
male,lr,9,10,1,pos,0.007021924827175452
male,lr,9,10,1,neg,0.0
male,lr,9,11,2,pos,0.0029409651223542
male,lr,9,11,2,neg,0.0
male,lr,9,12,3,pos,0.0023595209967466335
male,lr,9,12,3,neg,0.0
male,lr,9,13,4,pos,0.0005199510689219977
male,lr,9,13,4,neg,0.0
male,lr,9,14,5,pos,0.00010455589977809154
male,lr,9,14,5,neg,0.0
male,lr,9,15,6,pos,0.0
male,lr,9,15,6,neg,0.0
male,lr,9,16,7,pos,0.0
male,lr,9,16,7,neg,0.0
male,lr,9,17,8,pos,0.0
male,lr,9,17,8,neg,0.0
male,lr,9,18,9,pos,0.0
male,lr,9,18,9,neg,0.0
male,lr,9,19,10,pos,0.0
male,lr,9,19,10,neg,0.0
male,lr,9,20,11,pos,0.0
male,lr,9,20,11,neg,0.0
male,lr,9,21,12,pos,0.0
male,lr,9,21,12,neg,0.0
male,lr,9,22,13,pos,0.0
male,lr,9,22,13,neg,0.0
male,lr,9,23,14,pos,0.0
male,lr,9,23,14,neg,0.0
male,lr,10,10,0,pos,0.014757968742800998
male,lr,10,10,0,neg,0.0
male,lr,10,11,1,pos,0.0047536767305509375
male,lr,10,11,1,neg,0.0
male,lr,10,12,2,pos,0.0023002483594245504
male,lr,10,12,2,neg,0.0
male,lr,10,13,3,pos,0.00196663690321075
male,lr,10,13,3,neg,0.0
male,lr,10,14,4,pos,0.0007666457855795006
male,lr,10,14,4,neg,0.0
male,lr,10,15,5,pos,0.00018518383526089366
male,lr,10,15,5,neg,0.0
male,lr,10,16,6,pos,0.0
male,lr,10,16,6,neg,0.0
male,lr,10,17,7,pos,0.0
male,lr,10,17,7,neg,0.0
male,lr,10,18,8,pos,0.0
male,lr,10,18,8,neg,0.0
male,lr,10,19,9,pos,0.0
male,lr,10,19,9,neg,0.0
male,lr,10,20,10,pos,0.0
male,lr,10,20,10,neg,0.0
male,lr,10,21,11,pos,0.0
male,lr,10,21,11,neg,0.0
male,lr,10,22,12,pos,0.0
male,lr,10,22,12,neg,0.0
male,lr,10,23,13,pos,0.0
male,lr,10,23,13,neg,0.0
male,lr,11,11,0,pos,0.0015627648137159778
male,lr,11,11,0,neg,0.0
male,lr,11,12,1,pos,9.067524093064883e-05
male,lr,11,12,1,neg,0.0
male,lr,11,13,2,pos,0.0
male,lr,11,13,2,neg,0.0
male,lr,11,14,3,pos,0.0
male,lr,11,14,3,neg,0.0
male,lr,11,15,4,pos,0.0
male,lr,11,15,4,neg,0.0
male,lr,11,16,5,pos,0.0
male,lr,11,16,5,neg,0.0
male,lr,11,17,6,pos,0.0
male,lr,11,17,6,neg,0.0
male,lr,11,18,7,pos,0.0
male,lr,11,18,7,neg,0.0
male,lr,11,19,8,pos,0.0
male,lr,11,19,8,neg,0.0
male,lr,11,20,9,pos,0.0
male,lr,11,20,9,neg,0.0
male,lr,11,21,10,pos,0.0
male,lr,11,21,10,neg,0.0
male,lr,11,22,11,pos,0.0
male,lr,11,22,11,neg,0.0
male,lr,11,23,12,pos,0.0
male,lr,11,23,12,neg,0.0
male,lr,12,12,0,pos,0.00045097667356075455
male,lr,12,12,0,neg,0.0
male,lr,12,13,1,pos,0.0
male,lr,12,13,1,neg,0.0
male,lr,12,14,2,pos,0.0
male,lr,12,14,2,neg,0.0
male,lr,12,15,3,pos,0.0
male,lr,12,15,3,neg,0.0
male,lr,12,16,4,pos,0.0
male,lr,12,16,4,neg,0.0
male,lr,12,17,5,pos,0.0
male,lr,12,17,5,neg,0.0
male,lr,12,18,6,pos,0.0
male,lr,12,18,6,neg,0.0
male,lr,12,19,7,pos,0.0
male,lr,12,19,7,neg,0.0
male,lr,12,20,8,pos,0.0
male,lr,12,20,8,neg,0.0
male,lr,12,21,9,pos,0.0
male,lr,12,21,9,neg,0.0
male,lr,12,22,10,pos,0.0
male,lr,12,22,10,neg,0.0
male,lr,12,23,11,pos,0.0
male,lr,12,23,11,neg,0.0
male,lr,13,13,0,pos,0.0
male,lr,13,13,0,neg,0.0
male,lr,13,14,1,pos,0.0
male,lr,13,14,1,neg,0.0
male,lr,13,15,2,pos,0.0
male,lr,13,15,2,neg,0.0
male,lr,13,16,3,pos,0.0
male,lr,13,16,3,neg,0.0
male,lr,13,17,4,pos,0.0
male,lr,13,17,4,neg,0.0
male,lr,13,18,5,pos,0.0
male,lr,13,18,5,neg,0.0
male,lr,13,19,6,pos,0.0
male,lr,13,19,6,neg,0.0
male,lr,13,20,7,pos,0.0
male,lr,13,20,7,neg,0.0
male,lr,13,21,8,pos,0.0
male,lr,13,21,8,neg,0.0
male,lr,13,22,9,pos,0.0
male,lr,13,22,9,neg,0.0
male,lr,13,23,10,pos,0.0
male,lr,13,23,10,neg,0.0
male,lr,14,14,0,pos,0.0004974041676881757
male,lr,14,14,0,neg,0.0
male,lr,14,15,1,pos,0.0
male,lr,14,15,1,neg,0.0
male,lr,14,16,2,pos,0.0
male,lr,14,16,2,neg,0.0
male,lr,14,17,3,pos,0.0
male,lr,14,17,3,neg,0.0
male,lr,14,18,4,pos,0.0
male,lr,14,18,4,neg,0.0
male,lr,14,19,5,pos,0.0
male,lr,14,19,5,neg,0.0
male,lr,14,20,6,pos,0.0
male,lr,14,20,6,neg,0.0
male,lr,14,21,7,pos,0.0
male,lr,14,21,7,neg,0.0
male,lr,14,22,8,pos,0.0
male,lr,14,22,8,neg,0.0
male,lr,14,23,9,pos,0.0
male,lr,14,23,9,neg,0.0
male,lr,15,15,0,pos,0.0024094219026471464
male,lr,15,15,0,neg,0.0
male,lr,15,16,1,pos,0.001218158425607463
male,lr,15,16,1,neg,0.0
male,lr,15,17,2,pos,0.0008580447486135068
male,lr,15,17,2,neg,0.0
male,lr,15,18,3,pos,0.00011143212283548642
male,lr,15,18,3,neg,0.0
male,lr,15,19,4,pos,0.0
male,lr,15,19,4,neg,0.0
male,lr,15,20,5,pos,0.0
male,lr,15,20,5,neg,0.0
male,lr,15,21,6,pos,0.0
male,lr,15,21,6,neg,0.0
male,lr,15,22,7,pos,0.0
male,lr,15,22,7,neg,0.0
male,lr,15,23,8,pos,0.0
male,lr,15,23,8,neg,0.0
male,lr,16,16,0,pos,0.0066064493804400826
male,lr,16,16,0,neg,0.0
male,lr,16,17,1,pos,0.003985519524117409
male,lr,16,17,1,neg,0.0
male,lr,16,18,2,pos,0.002751607616403584
male,lr,16,18,2,neg,0.0
male,lr,16,19,3,pos,0.000321273587535309
male,lr,16,19,3,neg,0.0
male,lr,16,20,4,pos,0.0
male,lr,16,20,4,neg,0.0
male,lr,16,21,5,pos,0.0
male,lr,16,21,5,neg,0.0
male,lr,16,22,6,pos,0.0
male,lr,16,22,6,neg,0.0
male,lr,16,23,7,pos,0.0
male,lr,16,23,7,neg,0.0
male,lr,17,17,0,pos,0.003068140019783838
male,lr,17,17,0,neg,0.00046086862787309
male,lr,17,18,1,pos,0.0017457053715135284
male,lr,17,18,1,neg,0.0
male,lr,17,19,2,pos,0.0
male,lr,17,19,2,neg,0.0
male,lr,17,20,3,pos,0.0
male,lr,17,20,3,neg,0.0
male,lr,17,21,4,pos,0.0
male,lr,17,21,4,neg,0.0
male,lr,17,22,5,pos,0.0
male,lr,17,22,5,neg,0.0
male,lr,17,23,6,pos,0.0
male,lr,17,23,6,neg,0.0
male,lr,18,18,0,pos,0.00238225531916636
male,lr,18,18,0,neg,0.0017638436468574437
male,lr,18,19,1,pos,0.000559839677816143
male,lr,18,19,1,neg,0.0
male,lr,18,20,2,pos,0.0
male,lr,18,20,2,neg,0.0
male,lr,18,21,3,pos,0.0
male,lr,18,21,3,neg,0.0
male,lr,18,22,4,pos,0.0
male,lr,18,22,4,neg,0.0
male,lr,18,23,5,pos,0.0
male,lr,18,23,5,neg,0.0
male,lr,19,19,0,pos,0.00024037608237170716
male,lr,19,19,0,neg,0.007769053230206158
male,lr,19,20,1,pos,0.0
male,lr,19,20,1,neg,0.004811730383924129
male,lr,19,21,2,pos,0.0
male,lr,19,21,2,neg,0.0017816511275818847
male,lr,19,22,3,pos,0.0
male,lr,19,22,3,neg,0.0
male,lr,19,23,4,pos,0.0
male,lr,19,23,4,neg,0.0
male,lr,20,20,0,pos,0.0
male,lr,20,20,0,neg,0.01187142318206913
male,lr,20,21,1,pos,0.0
male,lr,20,21,1,neg,0.00575346883039507
male,lr,20,22,2,pos,0.0
male,lr,20,22,2,neg,0.001222988197252528
male,lr,20,23,3,pos,0.0
male,lr,20,23,3,neg,0.0
male,lr,21,21,0,pos,0.0004139291415568014
male,lr,21,21,0,neg,0.012106424425193163
male,lr,21,22,1,pos,0.0
male,lr,21,22,1,neg,0.003832182955397556
male,lr,21,23,2,pos,0.0
male,lr,21,23,2,neg,0.00012817049545543746
male,lr,22,22,0,pos,0.0
male,lr,22,22,0,neg,0.015731366718842787
male,lr,22,23,1,pos,0.0
male,lr,22,23,1,neg,0.004705514525394916
male,lr,23,23,0,pos,0.0011434371657028652
male,lr,23,23,0,neg,0.018029128212730505
male,pclarc,0,0,0,pos,0.008580944865841822
male,pclarc,0,0,0,neg,0.001846907630443706
male,pclarc,0,1,1,pos,0.0009424814034091344
male,pclarc,0,1,1,neg,0.0
male,pclarc,0,2,2,pos,0.0
male,pclarc,0,2,2,neg,0.0
male,pclarc,0,3,3,pos,0.0
male,pclarc,0,3,3,neg,0.0
male,pclarc,0,4,4,pos,0.0
male,pclarc,0,4,4,neg,0.0
male,pclarc,0,5,5,pos,0.0
male,pclarc,0,5,5,neg,0.0
male,pclarc,0,6,6,pos,0.0
male,pclarc,0,6,6,neg,0.0
male,pclarc,0,7,7,pos,0.0
male,pclarc,0,7,7,neg,0.0
male,pclarc,0,8,8,pos,0.0
male,pclarc,0,8,8,neg,0.0
male,pclarc,0,9,9,pos,0.0
male,pclarc,0,9,9,neg,0.0
male,pclarc,0,10,10,pos,0.0
male,pclarc,0,10,10,neg,0.0
male,pclarc,0,11,11,pos,0.0
male,pclarc,0,11,11,neg,0.0
male,pclarc,0,12,12,pos,0.0
male,pclarc,0,12,12,neg,0.0
male,pclarc,0,13,13,pos,0.0
male,pclarc,0,13,13,neg,0.0
male,pclarc,0,14,14,pos,0.0
male,pclarc,0,14,14,neg,0.0
male,pclarc,0,15,15,pos,0.0
male,pclarc,0,15,15,neg,0.0
male,pclarc,0,16,16,pos,0.0
male,pclarc,0,16,16,neg,0.0
male,pclarc,0,17,17,pos,0.0
male,pclarc,0,17,17,neg,0.0
male,pclarc,0,18,18,pos,0.0
male,pclarc,0,18,18,neg,0.0
male,pclarc,0,19,19,pos,0.0
male,pclarc,0,19,19,neg,0.0
male,pclarc,0,20,20,pos,0.0
male,pclarc,0,20,20,neg,0.0
male,pclarc,0,21,21,pos,0.0
male,pclarc,0,21,21,neg,0.0
male,pclarc,0,22,22,pos,0.0
male,pclarc,0,22,22,neg,0.0
male,pclarc,0,23,23,pos,0.0
male,pclarc,0,23,23,neg,0.0
male,pclarc,1,1,0,pos,0.012491485873127761
male,pclarc,1,1,0,neg,5.813034023582908e-05
male,pclarc,1,2,1,pos,0.003462550423603439
male,pclarc,1,2,1,neg,0.0
male,pclarc,1,3,2,pos,0.0006915004884402443
male,pclarc,1,3,2,neg,0.0
male,pclarc,1,4,3,pos,0.0
male,pclarc,1,4,3,neg,0.0
male,pclarc,1,5,4,pos,0.0
male,pclarc,1,5,4,neg,0.0
male,pclarc,1,6,5,pos,0.0
male,pclarc,1,6,5,neg,0.0
male,pclarc,1,7,6,pos,0.0
male,pclarc,1,7,6,neg,0.0
male,pclarc,1,8,7,pos,0.0
male,pclarc,1,8,7,neg,0.0
male,pclarc,1,9,8,pos,0.0
male,pclarc,1,9,8,neg,0.0
male,pclarc,1,10,9,pos,0.0
male,pclarc,1,10,9,neg,0.0
male,pclarc,1,11,10,pos,0.0
male,pclarc,1,11,10,neg,0.0
male,pclarc,1,12,11,pos,0.0
male,pclarc,1,12,11,neg,0.0
male,pclarc,1,13,12,pos,0.0
male,pclarc,1,13,12,neg,0.0
male,pclarc,1,14,13,pos,0.0
male,pclarc,1,14,13,neg,0.0
male,pclarc,1,15,14,pos,0.0
male,pclarc,1,15,14,neg,0.0
male,pclarc,1,16,15,pos,0.0
male,pclarc,1,16,15,neg,0.0
male,pclarc,1,17,16,pos,0.0
male,pclarc,1,17,16,neg,0.0
male,pclarc,1,18,17,pos,0.0
male,pclarc,1,18,17,neg,0.0
male,pclarc,1,19,18,pos,0.0
male,pclarc,1,19,18,neg,0.0
male,pclarc,1,20,19,pos,0.0
male,pclarc,1,20,19,neg,0.0
male,pclarc,1,21,20,pos,0.0
male,pclarc,1,21,20,neg,0.0
male,pclarc,1,22,21,pos,0.0
male,pclarc,1,22,21,neg,0.0
male,pclarc,1,23,22,pos,0.0
male,pclarc,1,23,22,neg,0.0
male,pclarc,2,2,0,pos,0.008783742426633045
male,pclarc,2,2,0,neg,0.0
male,pclarc,2,3,1,pos,0.00463885381407958
male,pclarc,2,3,1,neg,0.0
male,pclarc,2,4,2,pos,0.001829728802824171
male,pclarc,2,4,2,neg,0.0
male,pclarc,2,5,3,pos,0.0009489956484123319
male,pclarc,2,5,3,neg,0.0
male,pclarc,2,6,4,pos,0.0
male,pclarc,2,6,4,neg,0.0
male,pclarc,2,7,5,pos,0.0
male,pclarc,2,7,5,neg,0.0
male,pclarc,2,8,6,pos,0.0
male,pclarc,2,8,6,neg,0.0
male,pclarc,2,9,7,pos,0.0
male,pclarc,2,9,7,neg,0.0
male,pclarc,2,10,8,pos,0.0
male,pclarc,2,10,8,neg,0.0
male,pclarc,2,11,9,pos,0.0
male,pclarc,2,11,9,neg,0.0
male,pclarc,2,12,10,pos,0.0
male,pclarc,2,12,10,neg,0.0
male,pclarc,2,13,11,pos,0.0
male,pclarc,2,13,11,neg,0.0
male,pclarc,2,14,12,pos,0.0
male,pclarc,2,14,12,neg,0.0
male,pclarc,2,15,13,pos,0.0
male,pclarc,2,15,13,neg,0.0
male,pclarc,2,16,14,pos,0.0
male,pclarc,2,16,14,neg,0.0
male,pclarc,2,17,15,pos,0.0
male,pclarc,2,17,15,neg,0.0
male,pclarc,2,18,16,pos,0.0
male,pclarc,2,18,16,neg,0.0
male,pclarc,2,19,17,pos,0.0
male,pclarc,2,19,17,neg,0.0
male,pclarc,2,20,18,pos,0.0
male,pclarc,2,20,18,neg,0.0
male,pclarc,2,21,19,pos,0.0
male,pclarc,2,21,19,neg,0.0
male,pclarc,2,22,20,pos,0.0
male,pclarc,2,22,20,neg,0.0
male,pclarc,2,23,21,pos,0.0
male,pclarc,2,23,21,neg,0.0
male,pclarc,3,3,0,pos,0.009916185698018554
male,pclarc,3,3,0,neg,0.0
male,pclarc,3,4,1,pos,0.0032364058982032873
male,pclarc,3,4,1,neg,0.0
male,pclarc,3,5,2,pos,0.001044741436313723
male,pclarc,3,5,2,neg,0.0
male,pclarc,3,6,3,pos,0.0
male,pclarc,3,6,3,neg,0.0
male,pclarc,3,7,4,pos,0.0
male,pclarc,3,7,4,neg,0.0
male,pclarc,3,8,5,pos,0.0
male,pclarc,3,8,5,neg,0.0
male,pclarc,3,9,6,pos,0.0
male,pclarc,3,9,6,neg,0.0
male,pclarc,3,10,7,pos,0.0
male,pclarc,3,10,7,neg,0.0
male,pclarc,3,11,8,pos,0.0
male,pclarc,3,11,8,neg,0.0
male,pclarc,3,12,9,pos,0.0
male,pclarc,3,12,9,neg,0.0
male,pclarc,3,13,10,pos,0.0
male,pclarc,3,13,10,neg,0.0
male,pclarc,3,14,11,pos,0.0
male,pclarc,3,14,11,neg,0.0
male,pclarc,3,15,12,pos,0.0
male,pclarc,3,15,12,neg,0.0
male,pclarc,3,16,13,pos,0.0
male,pclarc,3,16,13,neg,0.0
male,pclarc,3,17,14,pos,0.0
male,pclarc,3,17,14,neg,0.0
male,pclarc,3,18,15,pos,0.0
male,pclarc,3,18,15,neg,0.0
male,pclarc,3,19,16,pos,0.0
male,pclarc,3,19,16,neg,0.0
male,pclarc,3,20,17,pos,0.0
male,pclarc,3,20,17,neg,0.0
male,pclarc,3,21,18,pos,0.0
male,pclarc,3,21,18,neg,0.0
male,pclarc,3,22,19,pos,0.0
male,pclarc,3,22,19,neg,0.0
male,pclarc,3,23,20,pos,0.0
male,pclarc,3,23,20,neg,0.0
male,pclarc,4,4,0,pos,0.008716270050809882
male,pclarc,4,4,0,neg,0.0
male,pclarc,4,5,1,pos,0.004358609024595506
male,pclarc,4,5,1,neg,0.0
male,pclarc,4,6,2,pos,0.0025242793333888347
male,pclarc,4,6,2,neg,0.0
male,pclarc,4,7,3,pos,8.853873918246435e-05
male,pclarc,4,7,3,neg,0.0
male,pclarc,4,8,4,pos,0.00035028610045650943
male,pclarc,4,8,4,neg,0.0
male,pclarc,4,9,5,pos,0.0
male,pclarc,4,9,5,neg,0.0
male,pclarc,4,10,6,pos,0.0
male,pclarc,4,10,6,neg,0.0
male,pclarc,4,11,7,pos,0.0
male,pclarc,4,11,7,neg,0.0
male,pclarc,4,12,8,pos,0.0
male,pclarc,4,12,8,neg,0.0
male,pclarc,4,13,9,pos,0.0
male,pclarc,4,13,9,neg,0.0
male,pclarc,4,14,10,pos,0.0
male,pclarc,4,14,10,neg,0.0
male,pclarc,4,15,11,pos,0.0
male,pclarc,4,15,11,neg,0.0
male,pclarc,4,16,12,pos,0.0
male,pclarc,4,16,12,neg,0.0
male,pclarc,4,17,13,pos,0.0
male,pclarc,4,17,13,neg,0.0
male,pclarc,4,18,14,pos,0.0
male,pclarc,4,18,14,neg,0.0
male,pclarc,4,19,15,pos,0.0
male,pclarc,4,19,15,neg,0.0
male,pclarc,4,20,16,pos,0.0
male,pclarc,4,20,16,neg,0.0
male,pclarc,4,21,17,pos,0.0
male,pclarc,4,21,17,neg,0.0
male,pclarc,4,22,18,pos,0.0
male,pclarc,4,22,18,neg,0.0
male,pclarc,4,23,19,pos,0.0
male,pclarc,4,23,19,neg,0.0
male,pclarc,5,5,0,pos,0.010965237190893262
male,pclarc,5,5,0,neg,0.0
male,pclarc,5,6,1,pos,0.005404160595043228
male,pclarc,5,6,1,neg,0.0
male,pclarc,5,7,2,pos,0.0031659937625017065
male,pclarc,5,7,2,neg,0.0
male,pclarc,5,8,3,pos,0.001356903840040502
male,pclarc,5,8,3,neg,0.0
male,pclarc,5,9,4,pos,0.0
male,pclarc,5,9,4,neg,0.0
male,pclarc,5,10,5,pos,0.0
male,pclarc,5,10,5,neg,0.0
male,pclarc,5,11,6,pos,0.0
male,pclarc,5,11,6,neg,0.0
male,pclarc,5,12,7,pos,0.0
male,pclarc,5,12,7,neg,0.0
male,pclarc,5,13,8,pos,0.0
male,pclarc,5,13,8,neg,0.0
male,pclarc,5,14,9,pos,0.0
male,pclarc,5,14,9,neg,0.0
male,pclarc,5,15,10,pos,0.0
male,pclarc,5,15,10,neg,0.0
male,pclarc,5,16,11,pos,0.0
male,pclarc,5,16,11,neg,0.0
male,pclarc,5,17,12,pos,0.0
male,pclarc,5,17,12,neg,0.0
male,pclarc,5,18,13,pos,0.0
male,pclarc,5,18,13,neg,0.0
male,pclarc,5,19,14,pos,0.0
male,pclarc,5,19,14,neg,0.0
male,pclarc,5,20,15,pos,0.0
male,pclarc,5,20,15,neg,0.0
male,pclarc,5,21,16,pos,0.0
male,pclarc,5,21,16,neg,0.0
male,pclarc,5,22,17,pos,0.0
male,pclarc,5,22,17,neg,0.0
male,pclarc,5,23,18,pos,0.0
male,pclarc,5,23,18,neg,0.0
male,pclarc,6,6,0,pos,0.01056848157067014
male,pclarc,6,6,0,neg,0.0
male,pclarc,6,7,1,pos,0.005392677599337592
male,pclarc,6,7,1,neg,0.0
male,pclarc,6,8,2,pos,0.0014686898799411985
male,pclarc,6,8,2,neg,0.0
male,pclarc,6,9,3,pos,4.948015991668164e-05
male,pclarc,6,9,3,neg,0.0
male,pclarc,6,10,4,pos,0.0
male,pclarc,6,10,4,neg,0.0
male,pclarc,6,11,5,pos,0.0
male,pclarc,6,11,5,neg,0.0
male,pclarc,6,12,6,pos,0.0
male,pclarc,6,12,6,neg,0.0
male,pclarc,6,13,7,pos,0.0
male,pclarc,6,13,7,neg,0.0
male,pclarc,6,14,8,pos,0.0
male,pclarc,6,14,8,neg,0.0
male,pclarc,6,15,9,pos,0.0
male,pclarc,6,15,9,neg,0.0
male,pclarc,6,16,10,pos,0.0
male,pclarc,6,16,10,neg,0.0
male,pclarc,6,17,11,pos,0.0
male,pclarc,6,17,11,neg,0.0
male,pclarc,6,18,12,pos,0.0
male,pclarc,6,18,12,neg,0.0
male,pclarc,6,19,13,pos,0.0
male,pclarc,6,19,13,neg,0.0
male,pclarc,6,20,14,pos,0.0
male,pclarc,6,20,14,neg,0.0
male,pclarc,6,21,15,pos,0.0
male,pclarc,6,21,15,neg,0.0
male,pclarc,6,22,16,pos,0.0
male,pclarc,6,22,16,neg,0.0
male,pclarc,6,23,17,pos,0.0
male,pclarc,6,23,17,neg,0.0
male,pclarc,7,7,0,pos,0.010694649181380855
male,pclarc,7,7,0,neg,0.0
male,pclarc,7,8,1,pos,0.004163341410373
male,pclarc,7,8,1,neg,0.0
male,pclarc,7,9,2,pos,0.001214808593021699
male,pclarc,7,9,2,neg,0.0
male,pclarc,7,10,3,pos,0.0006960959035458014
male,pclarc,7,10,3,neg,0.0
male,pclarc,7,11,4,pos,0.0
male,pclarc,7,11,4,neg,0.0
male,pclarc,7,12,5,pos,0.0
male,pclarc,7,12,5,neg,0.0
male,pclarc,7,13,6,pos,0.0
male,pclarc,7,13,6,neg,0.0
male,pclarc,7,14,7,pos,0.0
male,pclarc,7,14,7,neg,0.0
male,pclarc,7,15,8,pos,0.0
male,pclarc,7,15,8,neg,0.0
male,pclarc,7,16,9,pos,0.0
male,pclarc,7,16,9,neg,0.0
male,pclarc,7,17,10,pos,0.0
male,pclarc,7,17,10,neg,0.0
male,pclarc,7,18,11,pos,0.0
male,pclarc,7,18,11,neg,0.0
male,pclarc,7,19,12,pos,0.0
male,pclarc,7,19,12,neg,0.0
male,pclarc,7,20,13,pos,0.0
male,pclarc,7,20,13,neg,0.0
male,pclarc,7,21,14,pos,0.0
male,pclarc,7,21,14,neg,0.0
male,pclarc,7,22,15,pos,0.0
male,pclarc,7,22,15,neg,0.0
male,pclarc,7,23,16,pos,0.0
male,pclarc,7,23,16,neg,0.0
male,pclarc,8,8,0,pos,0.009832112933269688
male,pclarc,8,8,0,neg,0.0
male,pclarc,8,9,1,pos,0.0036865394636809157
male,pclarc,8,9,1,neg,0.0
male,pclarc,8,10,2,pos,0.0018925040239237134
male,pclarc,8,10,2,neg,0.0
male,pclarc,8,11,3,pos,0.0003420981330688466
male,pclarc,8,11,3,neg,0.0
male,pclarc,8,12,4,pos,0.00028975696291255737
male,pclarc,8,12,4,neg,0.0
male,pclarc,8,13,5,pos,0.0
male,pclarc,8,13,5,neg,0.0
male,pclarc,8,14,6,pos,0.0
male,pclarc,8,14,6,neg,0.0
male,pclarc,8,15,7,pos,0.0
male,pclarc,8,15,7,neg,0.0
male,pclarc,8,16,8,pos,0.0
male,pclarc,8,16,8,neg,0.0
male,pclarc,8,17,9,pos,0.0
male,pclarc,8,17,9,neg,0.0
male,pclarc,8,18,10,pos,0.0
male,pclarc,8,18,10,neg,0.0
male,pclarc,8,19,11,pos,0.0
male,pclarc,8,19,11,neg,0.0
male,pclarc,8,20,12,pos,0.0
male,pclarc,8,20,12,neg,0.0
male,pclarc,8,21,13,pos,0.0
male,pclarc,8,21,13,neg,0.0
male,pclarc,8,22,14,pos,0.0
male,pclarc,8,22,14,neg,0.0
male,pclarc,8,23,15,pos,0.0
male,pclarc,8,23,15,neg,0.0
male,pclarc,9,9,0,pos,0.007456758373945771
male,pclarc,9,9,0,neg,0.0
male,pclarc,9,10,1,pos,0.004372166464375438
male,pclarc,9,10,1,neg,0.0
male,pclarc,9,11,2,pos,0.001734756253155112
male,pclarc,9,11,2,neg,0.0
male,pclarc,9,12,3,pos,0.00048659851894350403
male,pclarc,9,12,3,neg,0.0
male,pclarc,9,13,4,pos,0.00023294972907828004
male,pclarc,9,13,4,neg,0.0
male,pclarc,9,14,5,pos,0.0
male,pclarc,9,14,5,neg,0.0
male,pclarc,9,15,6,pos,0.0
male,pclarc,9,15,6,neg,0.0
male,pclarc,9,16,7,pos,0.0
male,pclarc,9,16,7,neg,0.0
male,pclarc,9,17,8,pos,0.0
male,pclarc,9,17,8,neg,0.0
male,pclarc,9,18,9,pos,0.0
male,pclarc,9,18,9,neg,0.0
male,pclarc,9,19,10,pos,0.0
male,pclarc,9,19,10,neg,0.0
male,pclarc,9,20,11,pos,0.0
male,pclarc,9,20,11,neg,0.0
male,pclarc,9,21,12,pos,0.0
male,pclarc,9,21,12,neg,0.0
male,pclarc,9,22,13,pos,0.0
male,pclarc,9,22,13,neg,0.0
male,pclarc,9,23,14,pos,0.0
male,pclarc,9,23,14,neg,0.0
male,pclarc,10,10,0,pos,0.008716445954314977
male,pclarc,10,10,0,neg,0.0
male,pclarc,10,11,1,pos,0.0033642632637134184
male,pclarc,10,11,1,neg,0.0
male,pclarc,10,12,2,pos,0.0013483899986079795
male,pclarc,10,12,2,neg,0.0
male,pclarc,10,13,3,pos,0.0013607685550611759
male,pclarc,10,13,3,neg,0.0
male,pclarc,10,14,4,pos,0.0004576997661664972
male,pclarc,10,14,4,neg,0.0
male,pclarc,10,15,5,pos,0.0
male,pclarc,10,15,5,neg,0.0
male,pclarc,10,16,6,pos,0.0
male,pclarc,10,16,6,neg,0.0
male,pclarc,10,17,7,pos,0.0
male,pclarc,10,17,7,neg,0.0
male,pclarc,10,18,8,pos,0.0
male,pclarc,10,18,8,neg,0.0
male,pclarc,10,19,9,pos,0.0
male,pclarc,10,19,9,neg,0.0
male,pclarc,10,20,10,pos,0.0
male,pclarc,10,20,10,neg,0.0
male,pclarc,10,21,11,pos,0.0
male,pclarc,10,21,11,neg,0.0
male,pclarc,10,22,12,pos,0.0
male,pclarc,10,22,12,neg,0.0
male,pclarc,10,23,13,pos,0.0
male,pclarc,10,23,13,neg,0.0
male,pclarc,11,11,0,pos,0.00762765130379206
male,pclarc,11,11,0,neg,0.0
male,pclarc,11,12,1,pos,0.005753107231700305
male,pclarc,11,12,1,neg,0.0
male,pclarc,11,13,2,pos,0.00522082195569018
male,pclarc,11,13,2,neg,0.0
male,pclarc,11,14,3,pos,0.003389747120468689
male,pclarc,11,14,3,neg,0.0
male,pclarc,11,15,4,pos,0.0016825919328511407
male,pclarc,11,15,4,neg,0.0
male,pclarc,11,16,5,pos,0.001537144711481142
male,pclarc,11,16,5,neg,0.0
male,pclarc,11,17,6,pos,0.00037898387503010333
male,pclarc,11,17,6,neg,0.0
male,pclarc,11,18,7,pos,0.0
male,pclarc,11,18,7,neg,0.0
male,pclarc,11,19,8,pos,0.0
male,pclarc,11,19,8,neg,0.0
male,pclarc,11,20,9,pos,0.0
male,pclarc,11,20,9,neg,0.0
male,pclarc,11,21,10,pos,0.0
male,pclarc,11,21,10,neg,0.0
male,pclarc,11,22,11,pos,0.0
male,pclarc,11,22,11,neg,0.0
male,pclarc,11,23,12,pos,0.0
male,pclarc,11,23,12,neg,0.0
male,pclarc,12,12,0,pos,0.006886293677996758
male,pclarc,12,12,0,neg,0.0
male,pclarc,12,13,1,pos,0.004281974858172832
male,pclarc,12,13,1,neg,0.0
male,pclarc,12,14,2,pos,0.00309439410388479
male,pclarc,12,14,2,neg,0.0
male,pclarc,12,15,3,pos,0.002129966399757599
male,pclarc,12,15,3,neg,0.0
male,pclarc,12,16,4,pos,0.0008339258420555495
male,pclarc,12,16,4,neg,0.0
male,pclarc,12,17,5,pos,0.00034755936881558647
male,pclarc,12,17,5,neg,0.0
male,pclarc,12,18,6,pos,0.0
male,pclarc,12,18,6,neg,0.0
male,pclarc,12,19,7,pos,0.0
male,pclarc,12,19,7,neg,0.0
male,pclarc,12,20,8,pos,0.0
male,pclarc,12,20,8,neg,0.0
male,pclarc,12,21,9,pos,0.0
male,pclarc,12,21,9,neg,0.0
male,pclarc,12,22,10,pos,0.0
male,pclarc,12,22,10,neg,0.0
male,pclarc,12,23,11,pos,0.0
male,pclarc,12,23,11,neg,0.0
male,pclarc,13,13,0,pos,0.007071273640819831
male,pclarc,13,13,0,neg,0.0
male,pclarc,13,14,1,pos,0.005282482331437688
male,pclarc,13,14,1,neg,0.0
male,pclarc,13,15,2,pos,0.003124984084792226
male,pclarc,13,15,2,neg,0.0
male,pclarc,13,16,3,pos,0.0024721420295332752
male,pclarc,13,16,3,neg,0.0
male,pclarc,13,17,4,pos,0.0005834408965572635
male,pclarc,13,17,4,neg,0.0
male,pclarc,13,18,5,pos,0.0
male,pclarc,13,18,5,neg,0.0
male,pclarc,13,19,6,pos,0.0
male,pclarc,13,19,6,neg,0.0
male,pclarc,13,20,7,pos,0.0
male,pclarc,13,20,7,neg,0.0
male,pclarc,13,21,8,pos,0.0
male,pclarc,13,21,8,neg,0.0
male,pclarc,13,22,9,pos,0.0
male,pclarc,13,22,9,neg,0.0
male,pclarc,13,23,10,pos,0.0
male,pclarc,13,23,10,neg,0.0
male,pclarc,14,14,0,pos,0.006908877317627127
male,pclarc,14,14,0,neg,0.0
male,pclarc,14,15,1,pos,0.004342373835372726
male,pclarc,14,15,1,neg,0.0
male,pclarc,14,16,2,pos,0.002927466722937977
male,pclarc,14,16,2,neg,0.0
male,pclarc,14,17,3,pos,0.0019337498945528608
male,pclarc,14,17,3,neg,0.0
male,pclarc,14,18,4,pos,0.001012955213362643
male,pclarc,14,18,4,neg,0.0
male,pclarc,14,19,5,pos,0.0
male,pclarc,14,19,5,neg,0.0
male,pclarc,14,20,6,pos,0.0
male,pclarc,14,20,6,neg,0.0
male,pclarc,14,21,7,pos,0.0
male,pclarc,14,21,7,neg,0.0
male,pclarc,14,22,8,pos,0.0
male,pclarc,14,22,8,neg,0.0
male,pclarc,14,23,9,pos,0.0
male,pclarc,14,23,9,neg,0.0
male,pclarc,15,15,0,pos,0.013897610496105273
male,pclarc,15,15,0,neg,0.0
male,pclarc,15,16,1,pos,0.009774621515788118
male,pclarc,15,16,1,neg,0.0
male,pclarc,15,17,2,pos,0.00812881192197401
male,pclarc,15,17,2,neg,0.0
male,pclarc,15,18,3,pos,0.004872194665913154
male,pclarc,15,18,3,neg,0.0
male,pclarc,15,19,4,pos,0.001891410755789913
male,pclarc,15,19,4,neg,0.0
male,pclarc,15,20,5,pos,0.0006231605284998665
male,pclarc,15,20,5,neg,0.0
male,pclarc,15,21,6,pos,0.0
male,pclarc,15,21,6,neg,0.0
male,pclarc,15,22,7,pos,0.0
male,pclarc,15,22,7,neg,0.0
male,pclarc,15,23,8,pos,0.0
male,pclarc,15,23,8,neg,0.0
male,pclarc,16,16,0,pos,0.017854588251372316
male,pclarc,16,16,0,neg,0.0
male,pclarc,16,17,1,pos,0.01247832849933439
male,pclarc,16,17,1,neg,0.0
male,pclarc,16,18,2,pos,0.008938020424491544
male,pclarc,16,18,2,neg,0.0
male,pclarc,16,19,3,pos,0.0033187169614281586
male,pclarc,16,19,3,neg,0.0
male,pclarc,16,20,4,pos,0.0026583218561069266
male,pclarc,16,20,4,neg,0.0
male,pclarc,16,21,5,pos,0.0009655802465351471
male,pclarc,16,21,5,neg,0.0
male,pclarc,16,22,6,pos,0.00034084568995140785
male,pclarc,16,22,6,neg,0.0
male,pclarc,16,23,7,pos,0.0
male,pclarc,16,23,7,neg,0.0
male,pclarc,17,17,0,pos,0.02528826319837396
male,pclarc,17,17,0,neg,0.0
male,pclarc,17,18,1,pos,0.016523046282285403
male,pclarc,17,18,1,neg,0.0
male,pclarc,17,19,2,pos,0.007004503727882305
male,pclarc,17,19,2,neg,0.0
male,pclarc,17,20,3,pos,0.00604584273455111
male,pclarc,17,20,3,neg,0.0
male,pclarc,17,21,4,pos,0.002163577831919339
male,pclarc,17,21,4,neg,0.0
male,pclarc,17,22,5,pos,0.00029282848331346756
male,pclarc,17,22,5,neg,0.0
male,pclarc,17,23,6,pos,0.0
male,pclarc,17,23,6,neg,0.0
male,pclarc,18,18,0,pos,0.03177231110282275
male,pclarc,18,18,0,neg,0.0
male,pclarc,18,19,1,pos,0.014376587772123361
male,pclarc,18,19,1,neg,0.0
male,pclarc,18,20,2,pos,0.011266617245818678
male,pclarc,18,20,2,neg,0.0
male,pclarc,18,21,3,pos,0.005702921373496039
male,pclarc,18,21,3,neg,0.0
male,pclarc,18,22,4,pos,0.0029425427093694445
male,pclarc,18,22,4,neg,0.0
male,pclarc,18,23,5,pos,7.582822922236332e-06
male,pclarc,18,23,5,neg,0.0
male,pclarc,19,19,0,pos,0.03607785837274524
male,pclarc,19,19,0,neg,0.0
male,pclarc,19,20,1,pos,0.028338882485930972
male,pclarc,19,20,1,neg,0.0
male,pclarc,19,21,2,pos,0.01460373900213141
male,pclarc,19,21,2,neg,0.0
male,pclarc,19,22,3,pos,0.0063011985260739145
male,pclarc,19,22,3,neg,0.0
male,pclarc,19,23,4,pos,0.002018745247166498
male,pclarc,19,23,4,neg,0.0
male,pclarc,20,20,0,pos,0.03674321597437613
male,pclarc,20,20,0,neg,0.0
male,pclarc,20,21,1,pos,0.019878428185949204
male,pclarc,20,21,1,neg,0.0
male,pclarc,20,22,2,pos,0.008791182366828076
male,pclarc,20,22,2,neg,0.0
male,pclarc,20,23,3,pos,0.0036548142410837148
male,pclarc,20,23,3,neg,0.0
male,pclarc,21,21,0,pos,0.03690709808578063
male,pclarc,21,21,0,neg,0.0
male,pclarc,21,22,1,pos,0.01712513323457454
male,pclarc,21,22,1,neg,0.0
male,pclarc,21,23,2,pos,0.006669809798377058
male,pclarc,21,23,2,neg,0.0
male,pclarc,22,22,0,pos,0.03590567931869848
male,pclarc,22,22,0,neg,0.0
male,pclarc,22,23,1,pos,0.013163373023578506
male,pclarc,22,23,1,neg,0.0
male,pclarc,23,23,0,pos,0.05335026424410705
male,pclarc,23,23,0,neg,0.0
