layer_id,run_id,debias_method,model,method,train_accuracy,train_roc_auc,train_f1,train_recall,train_precision,test_accuracy,test_roc_auc,test_f1,test_recall,test_precision
4,0,lr,LogisticRegression,real,0.7431192660550459,0.8107979200957653,0.75,0.7682926829268293,0.7325581395348837,0.7265625,0.8238525390625,0.7244094488188977,0.71875,0.7301587301587301
4,0,lr,XGBoost,real,0.7568807339449541,0.8120978602424062,0.7609022556390977,0.7713414634146342,0.7507418397626113,0.78515625,0.83135986328125,0.7808764940239044,0.765625,0.7967479674796748
4,0,dm,LogisticRegression,real,0.5015290519877675,0.5114609830914261,0.6680244399185336,1.0,0.5015290519877675,0.5,0.475830078125,0.6666666666666666,1.0,0.5
4,0,dm,XGBoost,real,0.5886850152905199,0.6156385605267096,0.5918057663125948,0.5945121951219512,0.5891238670694864,0.53515625,0.59722900390625,0.5405405405405406,0.546875,0.5343511450381679
4,0,lr,LogisticRegression,random_shuffle,0.5519877675840978,0.5420469848870267,0.556732223903177,0.5609756097560976,0.5525525525525525,0.5234375,0.49090576171875,0.5343511450381679,0.546875,0.5223880597014925
4,0,lr,LogisticRegression,random_unit_vector,0.4602446483180428,0.43530225946431245,0.47391952309985097,0.4847560975609756,0.46355685131195334,0.47265625,0.451171875,0.5054945054945055,0.5390625,0.47586206896551725
4,0,dm,LogisticRegression,random_shuffle,0.5061162079510704,0.50940819991022,0.49293563579277866,0.47865853658536583,0.5080906148867314,0.53125,0.5118408203125,0.5275590551181102,0.5234375,0.5317460317460317
4,0,dm,LogisticRegression,random_unit_vector,0.5305810397553516,0.531834505461619,0.5298621745788668,0.5274390243902439,0.5323076923076923,0.5,0.5120849609375,0.488,0.4765625,0.5
4,1,lr,LogisticRegression,real,0.7454268292682927,0.8227298505936277,0.7562043795620438,0.7777777777777778,0.7357954545454546,0.7421875,0.8302001953125,0.75,0.7734375,0.7279411764705882
4,1,lr,XGBoost,real,0.7682926829268293,0.8004444072555528,0.7696969696969697,0.7627627627627628,0.7767584097859327,0.7890625,0.84002685546875,0.7890625,0.7890625,0.7890625
4,1,dm,LogisticRegression,real,0.4923780487804878,0.4564285647876979,0.0,0.0,0.0,0.5,0.458709716796875,0.0,0.0,0.0
4,1,dm,XGBoost,real,0.5960365853658537,0.6241318718098904,0.5978755690440061,0.5915915915915916,0.6042944785276073,0.57421875,0.6092529296875,0.5725490196078431,0.5703125,0.5748031496062992
4,1,lr,LogisticRegression,random_shuffle,0.47560975609756095,0.4646566070714677,0.4674922600619195,0.45345345345345345,0.48242811501597443,0.44921875,0.4652099609375,0.47191011235955055,0.4921875,0.45323741007194246
4,1,lr,LogisticRegression,random_unit_vector,0.5,0.4854544947424204,0.4875,0.46846846846846846,0.50814332247557,0.5546875,0.5169677734375,0.5327868852459017,0.5078125,0.5603448275862069
4,1,dm,LogisticRegression,random_shuffle,0.5137195121951219,0.5177437499418923,0.523168908819133,0.5255255255255256,0.5208333333333334,0.5234375,0.56072998046875,0.5271317829457365,0.53125,0.5230769230769231
4,1,dm,LogisticRegression,random_unit_vector,0.4923780487804878,0.4860123281175913,0.5022421524663677,0.5045045045045045,0.5,0.53125,0.50738525390625,0.5384615384615384,0.546875,0.5303030303030303
4,2,lr,LogisticRegression,real,0.7341772151898734,0.8207858022774847,0.7350157728706624,0.7304075235109718,0.7396825396825397,0.73046875,0.81689453125,0.7294117647058823,0.7265625,0.7322834645669292
4,2,lr,XGBoost,real,0.7832278481012658,0.8315122136869411,0.7882534775888718,0.799373040752351,0.7774390243902439,0.74609375,0.81732177734375,0.749034749034749,0.7578125,0.7404580152671756
4,2,dm,LogisticRegression,real,0.504746835443038,0.520486344106483,0.6708727655099895,1.0,0.504746835443038,0.5,0.5936279296875,0.6666666666666666,1.0,0.5
4,2,dm,XGBoost,real,0.5806962025316456,0.6163730507676743,0.5813586097946287,0.5768025078369906,0.5859872611464968,0.60546875,0.6478271484375,0.6070038910505836,0.609375,0.6046511627906976
4,2,lr,LogisticRegression,random_shuffle,0.4825949367088608,0.4820875940188489,0.4945904173106646,0.5015673981191222,0.4878048780487805,0.484375,0.4456787109375,0.5,0.515625,0.4852941176470588
4,2,lr,LogisticRegression,random_unit_vector,0.5031645569620253,0.4855428806073292,0.5062893081761006,0.5047021943573667,0.5078864353312302,0.4921875,0.475341796875,0.4583333333333333,0.4296875,0.49107142857142855
4,2,dm,LogisticRegression,random_shuffle,0.4920886075949367,0.4943463499153705,0.5114155251141552,0.5266457680250783,0.4970414201183432,0.515625,0.51007080078125,0.5441176470588235,0.578125,0.5138888888888888
4,2,dm,LogisticRegression,random_unit_vector,0.5063291139240507,0.4963694452512344,0.5078864353312302,0.5047021943573667,0.5111111111111111,0.51953125,0.474609375,0.5099601593625498,0.5,0.5203252032520326
4,3,lr,LogisticRegression,real,0.7503852080123267,0.8312594984802433,0.75,0.7386018237082067,0.7617554858934169,0.75,0.83160400390625,0.75,0.75,0.75
4,3,lr,XGBoost,real,0.7935285053929122,0.836189209726444,0.7938461538461539,0.78419452887538,0.8037383177570093,0.78515625,0.852294921875,0.782608695652174,0.7734375,0.792
4,3,dm,LogisticRegression,real,0.4930662557781202,0.510552811550152,0.0,0.0,0.0,0.5,0.55645751953125,0.0,0.0,0.0
4,3,dm,XGBoost,real,0.6040061633281972,0.6140197568389058,0.5990639625585024,0.5835866261398176,0.6153846153846154,0.58984375,0.64801025390625,0.5783132530120482,0.5625,0.5950413223140496
4,3,lr,LogisticRegression,random_shuffle,0.4869029275808937,0.48524886018237084,0.4788732394366197,0.46504559270516715,0.4935483870967742,0.4375,0.39617919921875,0.424,0.4140625,0.4344262295081967
4,3,lr,LogisticRegression,random_unit_vector,0.47303543913713403,0.4673632218844984,0.47706422018348627,0.47416413373860183,0.48,0.50390625,0.4818115234375,0.5278810408921933,0.5546875,0.5035460992907801
4,3,dm,LogisticRegression,random_shuffle,0.47303543913713403,0.475531914893617,0.4880239520958084,0.49544072948328266,0.4808259587020649,0.484375,0.4849853515625,0.45901639344262296,0.4375,0.4827586206896552
4,3,dm,LogisticRegression,random_unit_vector,0.551617873651772,0.536436170212766,0.5460218408736349,0.5319148936170213,0.5608974358974359,0.54296875,0.5330810546875,0.4890829694323144,0.4375,0.5544554455445545
4,4,lr,LogisticRegression,real,0.7496206373292867,0.8132519022089575,0.7441860465116279,0.7361963190184049,0.7523510971786834,0.74609375,0.8203125,0.7547169811320755,0.78125,0.7299270072992701
4,4,lr,XGBoost,real,0.7693474962063733,0.8199211481420071,0.7639751552795031,0.754601226993865,0.7735849056603774,0.78125,0.85797119140625,0.7862595419847328,0.8046875,0.7686567164179104
4,4,dm,LogisticRegression,real,0.5053110773899848,0.5116573628843567,0.006097560975609756,0.003067484662576687,0.5,0.5,0.432342529296875,0.0,0.0,0.0
4,4,dm,XGBoost,real,0.5811836115326252,0.6033456769653089,0.5905044510385756,0.6104294478527608,0.5718390804597702,0.546875,0.58587646484375,0.5284552845528455,0.5078125,0.5508474576271186
4,4,lr,LogisticRegression,random_shuffle,0.4779969650986343,0.47993699220693087,0.4625,0.4539877300613497,0.4713375796178344,0.48828125,0.47894287109375,0.4279475982532751,0.3828125,0.48514851485148514
4,4,lr,LogisticRegression,random_unit_vector,0.496206373292868,0.4741981245048729,0.5015015015015015,0.5122699386503068,0.49117647058823527,0.4140625,0.42926025390625,0.40476190476190477,0.3984375,0.4112903225806452
4,4,dm,LogisticRegression,random_shuffle,0.48103186646433993,0.498341900182391,0.502906976744186,0.5306748466257669,0.47790055248618785,0.49609375,0.48565673828125,0.4980544747081712,0.5,0.49612403100775193
4,4,dm,LogisticRegression,random_unit_vector,0.45220030349013657,0.4375725418670204,0.4488549618320611,0.450920245398773,0.44680851063829785,0.48046875,0.4852294921875,0.46586345381526106,0.453125,0.4793388429752066
4,5,lr,LogisticRegression,real,0.7397260273972602,0.8239413106787112,0.7389312977099237,0.7159763313609467,0.7634069400630915,0.765625,0.83673095703125,0.7619047619047619,0.75,0.7741935483870968
4,5,lr,XGBoost,real,0.7640791476407914,0.8315742612824841,0.7611710323574731,0.7307692307692307,0.7942122186495176,0.81640625,0.8543701171875,0.8199233716475096,0.8359375,0.8045112781954887
4,5,dm,LogisticRegression,real,0.4855403348554033,0.5388510693550481,0.0,0.0,0.0,0.5,0.500885009765625,0.0,0.0,0.0
4,5,dm,XGBoost,real,0.589041095890411,0.6160709317207991,0.6109510086455331,0.6272189349112426,0.5955056179775281,0.5703125,0.58563232421875,0.5736434108527132,0.578125,0.5692307692307692
4,5,lr,LogisticRegression,random_shuffle,0.5418569254185692,0.5464561963235703,0.5168539325842697,0.47633136094674555,0.5649122807017544,0.49609375,0.4752197265625,0.47346938775510206,0.453125,0.49572649572649574
4,5,lr,LogisticRegression,random_unit_vector,0.512937595129376,0.5131049322030754,0.5180722891566265,0.5088757396449705,0.5276073619631901,0.49609375,0.50311279296875,0.46473029045643155,0.4375,0.49557522123893805
4,5,dm,LogisticRegression,random_shuffle,0.487062404870624,0.5062417688412383,0.47751937984496123,0.4556213017751479,0.501628664495114,0.546875,0.58416748046875,0.5433070866141733,0.5390625,0.5476190476190477
4,5,dm,LogisticRegression,random_unit_vector,0.5083713850837138,0.5014097308527017,0.518628912071535,0.514792899408284,0.5225225225225225,0.47265625,0.44879150390625,0.47470817120622566,0.4765625,0.4728682170542636
4,6,lr,LogisticRegression,real,0.7441860465116279,0.8258465857738977,0.7425897035881436,0.7368421052631579,0.7484276729559748,0.7265625,0.816650390625,0.7265625,0.7265625,0.7265625
4,6,lr,XGBoost,real,0.765891472868217,0.8274811068592197,0.7666151468315301,0.7678018575851393,0.7654320987654321,0.76171875,0.83551025390625,0.769811320754717,0.796875,0.7445255474452555
4,6,dm,LogisticRegression,real,0.4992248062015504,0.4815924081303002,0.0,0.0,0.0,0.5,0.477996826171875,0.0,0.0,0.0
4,6,dm,XGBoost,real,0.6,0.6354825683133666,0.5993788819875776,0.5975232198142415,0.6012461059190031,0.58203125,0.62225341796875,0.5931558935361216,0.609375,0.5777777777777777
4,6,lr,LogisticRegression,random_shuffle,0.5085271317829457,0.5293733053862277,0.4672268907563025,0.43034055727554177,0.5110294117647058,0.44140625,0.4383544921875,0.411522633744856,0.390625,0.43478260869565216
4,6,lr,LogisticRegression,random_unit_vector,0.5472868217054263,0.5387093052323905,0.5521472392638037,0.5572755417956656,0.547112462006079,0.48828125,0.50152587890625,0.490272373540856,0.4921875,0.4883720930232558
4,6,dm,LogisticRegression,random_shuffle,0.5162790697674419,0.5168836413283848,0.5,0.48297213622291024,0.5182724252491694,0.49609375,0.52423095703125,0.5019305019305019,0.5078125,0.4961832061068702
4,6,dm,LogisticRegression,random_unit_vector,0.4558139534883721,0.4479933849970194,0.45412130637636083,0.4520123839009288,0.45625,0.55859375,0.52581787109375,0.5271966527196653,0.4921875,0.5675675675675675
4,7,lr,LogisticRegression,real,0.7541478129713424,0.8265804781094436,0.7472868217054264,0.7602523659305994,0.7347560975609756,0.74609375,0.82891845703125,0.749034749034749,0.7578125,0.7404580152671756
4,7,lr,XGBoost,real,0.7903469079939668,0.8363359530278441,0.7776,0.7665615141955836,0.788961038961039,0.8046875,0.87322998046875,0.8062015503875969,0.8125,0.8
4,7,dm,LogisticRegression,real,0.4781297134238311,0.5467259896792546,0.6469387755102041,1.0,0.4781297134238311,0.5,0.586639404296875,0.6666666666666666,1.0,0.5
4,7,dm,XGBoost,real,0.5625942684766214,0.6013384146897394,0.5632530120481928,0.5899053627760252,0.5389048991354467,0.60546875,0.6536865234375,0.6245353159851301,0.65625,0.5957446808510638
4,7,lr,LogisticRegression,random_shuffle,0.526395173453997,0.5372166809503838,0.5213414634146342,0.5394321766561514,0.504424778761062,0.51953125,0.49114990234375,0.5358490566037736,0.5546875,0.5182481751824818
4,7,lr,LogisticRegression,random_unit_vector,0.5565610859728507,0.5832132893273281,0.5585585585585585,0.5867507886435331,0.5329512893982808,0.55078125,0.54052734375,0.5490196078431373,0.546875,0.5511811023622047
4,7,dm,LogisticRegression,random_shuffle,0.5279034690799397,0.5417479622909867,0.5390279823269514,0.5772870662460567,0.505524861878453,0.41796875,0.40765380859375,0.3967611336032389,0.3828125,0.4117647058823529
4,7,dm,LogisticRegression,random_unit_vector,0.4796380090497738,0.4819113437027041,0.4764795144157815,0.4952681388012618,0.4590643274853801,0.4609375,0.4591064453125,0.48120300751879697,0.5,0.463768115942029
4,8,lr,LogisticRegression,real,0.7201210287443268,0.7767570640115885,0.7068145800316957,0.7012578616352201,0.7124600638977636,0.76953125,0.835693359375,0.7704280155642024,0.7734375,0.7674418604651163
4,8,lr,XGBoost,real,0.75642965204236,0.8213323065075087,0.7440381558028617,0.7358490566037735,0.752411575562701,0.765625,0.8367919921875,0.765625,0.765625,0.765625
4,8,dm,LogisticRegression,real,0.481089258698941,0.5152832022296789,0.6496424923391215,1.0,0.481089258698941,0.5,0.4857177734375,0.6666666666666666,1.0,0.5
4,8,dm,XGBoost,real,0.5658093797276853,0.6049746043970149,0.5671191553544495,0.5911949685534591,0.5449275362318841,0.55078125,0.58514404296875,0.5454545454545454,0.5390625,0.552
4,8,lr,LogisticRegression,random_shuffle,0.491679273827534,0.5112767478959239,0.4954954954954955,0.5188679245283019,0.47413793103448276,0.48828125,0.48333740234375,0.5056603773584906,0.5234375,0.48905109489051096
4,8,lr,LogisticRegression,random_unit_vector,0.4977307110438729,0.5232686066340283,0.47962382445141066,0.4811320754716981,0.478125,0.53515625,0.52252197265625,0.5142857142857142,0.4921875,0.5384615384615384
4,8,dm,LogisticRegression,random_shuffle,0.5052950075642966,0.5135504336505492,0.5067873303167421,0.5283018867924528,0.48695652173913045,0.47265625,0.42242431640625,0.4943820224719101,0.515625,0.4748201438848921
4,8,dm,LogisticRegression,random_unit_vector,0.4962178517397882,0.5207565505986761,0.4962178517397882,0.5157232704402516,0.478134110787172,0.484375,0.5205078125,0.42105263157894735,0.375,0.48
4,9,lr,LogisticRegression,real,0.7549467275494672,0.8394995366079703,0.7440381558028617,0.72,0.7697368421052632,0.7734375,0.83831787109375,0.7698412698412699,0.7578125,0.782258064516129
4,9,lr,XGBoost,real,0.7838660578386606,0.8379471733086191,0.778816199376947,0.7692307692307693,0.7886435331230284,0.78125,0.84747314453125,0.7878787878787878,0.8125,0.7647058823529411
4,9,dm,LogisticRegression,real,0.4946727549467275,0.5087534754402224,0.6619144602851323,1.0,0.4946727549467275,0.5,0.499786376953125,0.6666666666666666,1.0,0.5
4,9,dm,XGBoost,real,0.6133942161339422,0.6477108433734939,0.6068111455108359,0.6030769230769231,0.6105919003115264,0.59765625,0.59783935546875,0.5928853754940712,0.5859375,0.6
4,9,lr,LogisticRegression,random_shuffle,0.4703196347031963,0.4683688600556071,0.47904191616766467,0.49230769230769234,0.46647230320699706,0.4609375,0.46502685546875,0.4297520661157025,0.40625,0.45614035087719296
4,9,lr,LogisticRegression,random_unit_vector,0.4642313546423135,0.44560704355885083,0.453416149068323,0.4492307692307692,0.45768025078369906,0.4765625,0.47149658203125,0.49624060150375937,0.515625,0.4782608695652174
4,9,dm,LogisticRegression,random_shuffle,0.502283105022831,0.49519925857275254,0.48177496038034867,0.4676923076923077,0.49673202614379086,0.51171875,0.47308349609375,0.5210727969348659,0.53125,0.5112781954887218
4,9,dm,LogisticRegression,random_unit_vector,0.5205479452054794,0.524967562557924,0.5101088646967341,0.5046153846153846,0.5157232704402516,0.45703125,0.44671630859375,0.4908424908424908,0.5234375,0.46206896551724136
