regime,concept,method,layer,label,mmd2,abs_skew_pre,abs_skew_post,abs_kurt_pre,abs_kurt_post,delta_skew,delta_kurt
single,wearing_hat,diff_means,0,pos,0.7379161434991001,0.30248430371284485,0.31639981269836426,0.7426488995552063,0.7740589380264282,0.01391550898551941,0.031410038471221924
single,wearing_hat,diff_means,0,neg,0.8059612936960918,0.27969834208488464,0.2594398260116577,0.7536589503288269,0.6072015762329102,-0.02025851607322693,-0.14645737409591675
single,wearing_hat,diff_means,1,pos,0.4427170976981196,0.3069118857383728,0.321723997592926,0.5670122504234314,0.583930492401123,0.014812111854553223,0.01691824197769165
single,wearing_hat,diff_means,1,neg,0.5353466607308556,0.2119470089673996,0.25031334161758423,0.40560081601142883,0.4779373109340668,0.03836633265018463,0.07233649492263794
single,wearing_hat,diff_means,2,pos,0.49051079621305127,0.295598566532135,0.2965393364429474,0.49313414096832275,0.49969688057899475,0.0009407699108123779,0.006562739610671997
single,wearing_hat,diff_means,2,neg,0.599543970543587,0.2067502737045288,0.2455047369003296,0.31940776109695435,0.4221464991569519,0.03875446319580078,0.10273873805999756
single,wearing_hat,diff_means,3,pos,0.45984833646904477,0.2565575838088989,0.2616705000400543,0.44292616844177246,0.4540776014328003,0.0051129162311553955,0.011151432991027832
single,wearing_hat,diff_means,3,neg,0.5729460234721968,0.17313608527183533,0.22475877404212952,0.2686440050601959,0.3996542692184448,0.05162268877029419,0.1310102641582489
single,wearing_hat,diff_means,4,pos,0.11569794458870564,0.22294855117797852,0.22509194910526276,0.3721476197242737,0.37681567668914795,0.0021433979272842407,0.004668056964874268
single,wearing_hat,diff_means,4,neg,0.18554048302823567,0.15399369597434998,0.21648743748664856,0.24131180346012115,0.3687223196029663,0.062493741512298584,0.12741051614284515
single,wearing_hat,diff_means,5,pos,0.14305964897059398,0.21338793635368347,0.21941019594669342,0.36448484659194946,0.36630934476852417,0.006022259593009949,0.001824498176574707
single,wearing_hat,diff_means,5,neg,0.2106257893306036,0.18833568692207336,0.22819605469703674,0.27537667751312256,0.3786349296569824,0.03986036777496338,0.10325825214385986
single,wearing_hat,diff_means,6,pos,0.17910703798024086,0.2127087116241455,0.21158413589000702,0.36417922377586365,0.3727085590362549,-0.0011245757341384888,0.008529335260391235
single,wearing_hat,diff_means,6,neg,0.2576993369718166,0.1883741021156311,0.21994870901107788,0.2991742491722107,0.37473124265670776,0.03157460689544678,0.07555699348449707
single,wearing_hat,diff_means,7,pos,0.1827730725329746,0.22183553874492645,0.21703198552131653,0.41471248865127563,0.40644583106040955,-0.004803553223609924,-0.008266657590866089
single,wearing_hat,diff_means,7,neg,0.24024913466027176,0.20690514147281647,0.23398075997829437,0.3400201201438904,0.40897706151008606,0.027075618505477905,0.06895694136619568
single,wearing_hat,diff_means,8,pos,0.059648184627973055,0.21997496485710144,0.21224264800548553,0.41135260462760925,0.396280974149704,-0.007732316851615906,-0.015071630477905273
single,wearing_hat,diff_means,8,neg,0.10109709789648336,0.19239957630634308,0.22948548197746277,0.31533998250961304,0.394615113735199,0.03708590567111969,0.07927513122558594
single,wearing_hat,diff_means,9,pos,0.03313079239127559,0.2022794485092163,0.20161336660385132,0.3630255460739136,0.35170260071754456,-0.0006660819053649902,-0.011322945356369019
single,wearing_hat,diff_means,9,neg,0.07247664058926717,0.15608355402946472,0.20379552245140076,0.2617502808570862,0.38302841782569885,0.047711968421936035,0.12127813696861267
single,wearing_hat,diff_means,10,pos,0.0,0.2054060995578766,0.20168852806091309,0.3710189163684845,0.358428418636322,-0.003717571496963501,-0.012590497732162476
single,wearing_hat,diff_means,10,neg,0.013583010478377844,0.15579818189144135,0.2098764032125473,0.2609385848045349,0.3953894376754761,0.05407822132110596,0.13445085287094116
single,wearing_hat,diff_means,11,pos,0.0,0.19698330760002136,0.18939581513404846,0.3508298099040985,0.34516090154647827,-0.0075874924659729,-0.005668908357620239
single,wearing_hat,diff_means,11,neg,0.0015583305768369637,0.15197281539440155,0.20431846380233765,0.24348004162311554,0.35315465927124023,0.052345648407936096,0.1096746176481247
single,wearing_hat,diff_means,12,pos,0.0,0.18790194392204285,0.18526864051818848,0.34044766426086426,0.34152570366859436,-0.00263330340385437,0.0010780394077301025
single,wearing_hat,diff_means,12,neg,0.011672654613280598,0.12678077816963196,0.18867675960063934,0.2002599835395813,0.336112916469574,0.061895981431007385,0.13585293292999268
single,wearing_hat,diff_means,13,pos,0.0,0.1905914694070816,0.18829423189163208,0.34506821632385254,0.35057753324508667,-0.002297237515449524,0.005509316921234131
single,wearing_hat,diff_means,13,neg,0.006858102390042475,0.13349312543869019,0.18986423313617706,0.21168029308319092,0.3498360812664032,0.05637110769748688,0.13815578818321228
single,wearing_hat,diff_means,14,pos,0.0,0.1953650414943695,0.1913738250732422,0.35811787843704224,0.35360291600227356,-0.003991216421127319,-0.004514962434768677
single,wearing_hat,diff_means,14,neg,0.00745984658830201,0.14781337976455688,0.2046198844909668,0.23082366585731506,0.35554325580596924,0.05680650472640991,0.12471958994865417
single,wearing_hat,diff_means,15,pos,0.0,0.19455820322036743,0.19716447591781616,0.3482697606086731,0.34851717948913574,0.0026062726974487305,0.0002474188804626465
single,wearing_hat,diff_means,15,neg,0.00550995967067669,0.13695169985294342,0.20023711025714874,0.2076111137866974,0.36061954498291016,0.06328541040420532,0.15300843119621277
single,wearing_hat,diff_means,16,pos,0.0,0.20460444688796997,0.20508475601673126,0.37506240606307983,0.37087777256965637,0.0004803091287612915,-0.004184633493423462
single,wearing_hat,diff_means,16,neg,0.0023443585172944204,0.1429501175880432,0.20979326963424683,0.22003574669361115,0.38238537311553955,0.06684315204620361,0.1623496264219284
single,wearing_hat,diff_means,17,pos,0.002252664833807927,0.2031823843717575,0.2052568793296814,0.36609381437301636,0.3720737099647522,0.002074494957923889,0.00597989559173584
single,wearing_hat,diff_means,17,neg,0.04043698475873003,0.1420278251171112,0.21061289310455322,0.21636691689491272,0.36086392402648926,0.06858506798744202,0.14449700713157654
single,wearing_hat,diff_means,18,pos,0.007806734937606308,0.22101423144340515,0.22562995553016663,0.3715481758117676,0.3760776221752167,0.004615724086761475,0.004529446363449097
single,wearing_hat,diff_means,18,neg,0.05367990581418636,0.15005351603031158,0.2121172547340393,0.23082032799720764,0.3767860531806946,0.06206373870372772,0.14596572518348694
single,wearing_hat,diff_means,19,pos,0.004977494321078302,0.2248261570930481,0.22249305248260498,0.36229678988456726,0.3677634000778198,-0.0023331046104431152,0.0054666101932525635
single,wearing_hat,diff_means,19,neg,0.05920809206941757,0.15519118309020996,0.2165214568376541,0.23655028641223907,0.380976140499115,0.06133027374744415,0.14442585408687592
single,wearing_hat,diff_means,20,pos,0.005012569012573298,0.2587098777294159,0.25751858949661255,0.4407181441783905,0.4575880169868469,-0.0011912882328033447,0.01686987280845642
single,wearing_hat,diff_means,20,neg,0.061463609997826074,0.1616881936788559,0.2263805866241455,0.27794691920280457,0.43666383624076843,0.06469239294528961,0.15871691703796387
single,wearing_hat,diff_means,21,pos,0.00814600632013951,0.2633016109466553,0.25620168447494507,0.42663177847862244,0.4372076988220215,-0.007099926471710205,0.010575920343399048
single,wearing_hat,diff_means,21,neg,0.07455126637123133,0.1790543645620346,0.2347477674484253,0.31766051054000854,0.44328516721725464,0.055693402886390686,0.1256246566772461
single,wearing_hat,diff_means,22,pos,0.0,0.24037989974021912,0.23402032256126404,0.4106368124485016,0.4099029302597046,-0.006359577178955078,-0.0007338821887969971
single,wearing_hat,diff_means,22,neg,0.035667798445325305,0.16040915250778198,0.22235310077667236,0.2936035394668579,0.4192917048931122,0.06194394826889038,0.12568816542625427
single,wearing_hat,diff_means,23,pos,0.0,0.21346145868301392,0.20945028960704803,0.37304484844207764,0.3781835436820984,-0.004011169075965881,0.005138695240020752
single,wearing_hat,diff_means,23,neg,0.008898865435421621,0.14847621321678162,0.20701828598976135,0.2297634482383728,0.3615717887878418,0.058542072772979736,0.131808340549469
single,wearing_hat,lr,0,pos,0.0,0.30248430371284485,0.3182761073112488,0.7426488995552063,0.7922323942184448,0.01579180359840393,0.049583494663238525
single,wearing_hat,lr,0,neg,0.006258283666516595,0.27969834208488464,0.2628493309020996,0.7536589503288269,0.6287665367126465,-0.016849011182785034,-0.12489241361618042
single,wearing_hat,lr,1,pos,0.30245107147967154,0.3069118857383728,0.3158578872680664,0.5670122504234314,0.5821489095687866,0.008946001529693604,0.015136659145355225
single,wearing_hat,lr,1,neg,0.39833624615540464,0.2119470089673996,0.25084665417671204,0.40560081601142883,0.4780634045600891,0.03889964520931244,0.07246258854866028
single,wearing_hat,lr,2,pos,0.43845987308844103,0.295598566532135,0.2996639609336853,0.49313414096832275,0.5141318440437317,0.004065394401550293,0.020997703075408936
single,wearing_hat,lr,2,neg,0.5428583427417502,0.2067502737045288,0.24875305593013763,0.31940776109695435,0.4411267936229706,0.042002782225608826,0.12171903252601624
single,wearing_hat,lr,3,pos,0.3749789453922161,0.2565575838088989,0.26218700408935547,0.44292616844177246,0.4624294638633728,0.005629420280456543,0.019503295421600342
single,wearing_hat,lr,3,neg,0.45883704903012257,0.17313608527183533,0.22860503196716309,0.2686440050601959,0.4057188332080841,0.05546894669532776,0.13707482814788818
single,wearing_hat,lr,4,pos,0.07411832733159662,0.22294855117797852,0.22596892714500427,0.3721476197242737,0.3786875009536743,0.003020375967025757,0.006539881229400635
single,wearing_hat,lr,4,neg,0.13529282323392655,0.15399369597434998,0.21735839545726776,0.24131180346012115,0.37020617723464966,0.06336469948291779,0.1288943737745285
single,wearing_hat,lr,5,pos,0.013791970792717656,0.21338793635368347,0.21687442064285278,0.36448484659194946,0.3678138852119446,0.0034864842891693115,0.003329038619995117
single,wearing_hat,lr,5,neg,0.052030580255480796,0.18833568692207336,0.23065398633480072,0.27537667751312256,0.37952303886413574,0.042318299412727356,0.10414636135101318
single,wearing_hat,lr,6,pos,0.08936492445190547,0.2127087116241455,0.214280903339386,0.36417922377586365,0.3677883446216583,0.0015721917152404785,0.0036091208457946777
single,wearing_hat,lr,6,neg,0.1495692489769629,0.1883741021156311,0.2265736311674118,0.2991742491722107,0.3749110698699951,0.0381995290517807,0.07573682069778442
single,wearing_hat,lr,7,pos,0.07029284395080149,0.22183553874492645,0.2231951504945755,0.41471248865127563,0.41376763582229614,0.0013596117496490479,-0.0009448528289794922
single,wearing_hat,lr,7,neg,0.12718402406000595,0.20690514147281647,0.24290835857391357,0.3400201201438904,0.40757468342781067,0.03600321710109711,0.06755456328392029
single,wearing_hat,lr,8,pos,0.022705399602059195,0.21997496485710144,0.22014416754245758,0.41135260462760925,0.4130863547325134,0.00016920268535614014,0.0017337501049041748
single,wearing_hat,lr,8,neg,0.05738863815740736,0.19239957630634308,0.24170812964439392,0.31533998250961304,0.407044917345047,0.04930855333805084,0.09170493483543396
single,wearing_hat,lr,9,pos,0.009695247496941839,0.2022794485092163,0.20239758491516113,0.3630255460739136,0.36227738857269287,0.00011813640594482422,-0.0007481575012207031
single,wearing_hat,lr,9,neg,0.03754018319680785,0.15608355402946472,0.21233797073364258,0.2617502808570862,0.3812968134880066,0.056254416704177856,0.11954653263092041
single,wearing_hat,lr,10,pos,0.0,0.2054060995578766,0.20555277168750763,0.3710189163684845,0.37196171283721924,0.00014667212963104248,0.0009427964687347412
single,wearing_hat,lr,10,neg,0.009242609849368977,0.15579818189144135,0.21758776903152466,0.2609385848045349,0.404975950717926,0.06178958714008331,0.1440373659133911
single,wearing_hat,lr,11,pos,0.0,0.19698330760002136,0.1968849152326584,0.3508298099040985,0.35029226541519165,-9.839236736297607e-05,-0.0005375444889068604
single,wearing_hat,lr,11,neg,0.0,0.15197281539440155,0.21508383750915527,0.24348004162311554,0.35299909114837646,0.06311102211475372,0.10951904952526093
single,wearing_hat,lr,12,pos,0.0,0.18790194392204285,0.18801197409629822,0.34044766426086426,0.3427520990371704,0.0001100301742553711,0.0023044347763061523
single,wearing_hat,lr,12,neg,0.0,0.12678077816963196,0.19280998408794403,0.2002599835395813,0.3336915969848633,0.06602920591831207,0.13343161344528198
single,wearing_hat,lr,13,pos,0.0,0.1905914694070816,0.19093887507915497,0.34506821632385254,0.3464674651622772,0.00034740567207336426,0.0013992488384246826
single,wearing_hat,lr,13,neg,0.0,0.13349312543869019,0.19627618789672852,0.21168029308319092,0.34962522983551025,0.06278306245803833,0.13794493675231934
single,wearing_hat,lr,14,pos,0.0,0.1953650414943695,0.19675077497959137,0.35811787843704224,0.3588583767414093,0.0013857334852218628,0.0007404983043670654
single,wearing_hat,lr,14,neg,0.0,0.14781337976455688,0.20954415202140808,0.23082366585731506,0.35183295607566833,0.061730772256851196,0.12100929021835327
single,wearing_hat,lr,15,pos,0.0,0.19455820322036743,0.19428925216197968,0.3482697606086731,0.34805893898010254,-0.00026895105838775635,-0.00021082162857055664
single,wearing_hat,lr,15,neg,0.0,0.13695169985294342,0.20141275227069855,0.2076111137866974,0.364594042301178,0.06446105241775513,0.1569829285144806
single,wearing_hat,lr,16,pos,0.0,0.20460444688796997,0.20443789660930634,0.37506240606307983,0.37447234988212585,-0.00016655027866363525,-0.0005900561809539795
single,wearing_hat,lr,16,neg,0.0,0.1429501175880432,0.21105359494686127,0.22003574669361115,0.3818916976451874,0.06810347735881805,0.16185595095157623
single,wearing_hat,lr,17,pos,0.0,0.2031823843717575,0.2035732865333557,0.36609381437301636,0.3676213324069977,0.00039090216159820557,0.0015275180339813232
single,wearing_hat,lr,17,neg,0.00012055805263244679,0.1420278251171112,0.2064237743616104,0.21636691689491272,0.35723310708999634,0.0643959492444992,0.14086619019508362
single,wearing_hat,lr,18,pos,0.0,0.22101423144340515,0.22215129435062408,0.3715481758117676,0.37369585037231445,0.001137062907218933,0.002147674560546875
single,wearing_hat,lr,18,neg,0.009659299404884303,0.15005351603031158,0.20943164825439453,0.23082032799720764,0.36661404371261597,0.05937813222408295,0.13579371571540833
single,wearing_hat,lr,19,pos,0.0,0.2248261570930481,0.22558903694152832,0.36229678988456726,0.36514055728912354,0.0007628798484802246,0.0028437674045562744
single,wearing_hat,lr,19,neg,0.0065098510151659905,0.15519118309020996,0.22473132610321045,0.23655028641223907,0.3779795169830322,0.06954014301300049,0.14142923057079315
single,wearing_hat,lr,20,pos,0.0,0.2587098777294159,0.25670140981674194,0.4407181441783905,0.4397277534008026,-0.00200846791267395,-0.0009903907775878906
single,wearing_hat,lr,20,neg,0.0020372140379385506,0.1616881936788559,0.23091241717338562,0.27794691920280457,0.43130403757095337,0.06922422349452972,0.1533571183681488
single,wearing_hat,lr,21,pos,0.0,0.2633016109466553,0.26367074251174927,0.42663177847862244,0.4259491264820099,0.00036913156509399414,-0.0006826519966125488
single,wearing_hat,lr,21,neg,0.0031645497529984024,0.1790543645620346,0.23865246772766113,0.31766051054000854,0.43726831674575806,0.059598103165626526,0.11960780620574951
single,wearing_hat,lr,22,pos,0.0,0.24037989974021912,0.24067696928977966,0.4106368124485016,0.4109823703765869,0.0002970695495605469,0.00034555792808532715
single,wearing_hat,lr,22,neg,0.00018815745386269178,0.16040915250778198,0.22455763816833496,0.2936035394668579,0.4164946675300598,0.06414848566055298,0.1228911280632019
single,wearing_hat,lr,23,pos,0.0,0.21346145868301392,0.21250879764556885,0.37304484844207764,0.3716117739677429,-0.0009526610374450684,-0.0014330744743347168
single,wearing_hat,lr,23,neg,0.00205181648701358,0.14847621321678162,0.20673051476478577,0.2297634482383728,0.36181485652923584,0.05825430154800415,0.13205140829086304
single,wearing_hat,pclarc,0,pos,0.01754759617738033,0.30248430371284485,0.31649428606033325,0.7426488995552063,0.7751206159591675,0.014009982347488403,0.03247171640396118
single,wearing_hat,pclarc,0,neg,0.009914039714655765,0.27969834208488464,0.2594588100910187,0.7536589503288269,0.6072921752929688,-0.020239531993865967,-0.14636677503585815
single,wearing_hat,pclarc,1,pos,0.014334825421374653,0.3069118857383728,0.3217727243900299,0.5670122504234314,0.5841178297996521,0.014860838651657104,0.017105579376220703
single,wearing_hat,pclarc,1,neg,0.0002829759607705373,0.2119470089673996,0.2502669095993042,0.40560081601142883,0.4780328869819641,0.0383199006319046,0.07243207097053528
single,wearing_hat,pclarc,2,pos,0.00953466482146026,0.295598566532135,0.29657065868377686,0.49313414096832275,0.49995794892311096,0.0009720921516418457,0.006823807954788208
single,wearing_hat,pclarc,2,neg,0.0,0.2067502737045288,0.24550706148147583,0.31940776109695435,0.4222717881202698,0.03875678777694702,0.10286402702331543
single,wearing_hat,pclarc,3,pos,0.0087141142152789,0.2565575838088989,0.26171058416366577,0.44292616844177246,0.45424404740333557,0.005153000354766846,0.01131787896156311
single,wearing_hat,pclarc,3,neg,0.0,0.17313608527183533,0.22476615011692047,0.2686440050601959,0.3997219204902649,0.051630064845085144,0.13107791543006897
single,wearing_hat,pclarc,4,pos,0.006165600514507874,0.22294855117797852,0.22510287165641785,0.3721476197242737,0.3768792152404785,0.002154320478439331,0.004731595516204834
single,wearing_hat,pclarc,4,neg,0.0,0.15399369597434998,0.21648961305618286,0.24131180346012115,0.368655800819397,0.062495917081832886,0.12734399735927582
single,wearing_hat,pclarc,5,pos,0.004261346693327006,0.21338793635368347,0.21939042210578918,0.36448484659194946,0.3663351535797119,0.006002485752105713,0.0018503069877624512
single,wearing_hat,pclarc,5,neg,0.0,0.18833568692207336,0.2281663566827774,0.27537667751312256,0.3786051869392395,0.03983066976070404,0.10322850942611694
single,wearing_hat,pclarc,6,pos,0.0034785983336655946,0.2127087116241455,0.21157902479171753,0.36417922377586365,0.3727196753025055,-0.0011296868324279785,0.008540451526641846
single,wearing_hat,pclarc,6,neg,0.0,0.1883741021156311,0.21993494033813477,0.2991742491722107,0.3747352361679077,0.03156083822250366,0.07556098699569702
single,wearing_hat,pclarc,7,pos,0.003097934587191542,0.22183553874492645,0.21703311800956726,0.41471248865127563,0.4065319001674652,-0.004802420735359192,-0.008180588483810425
single,wearing_hat,pclarc,7,neg,0.0,0.20690514147281647,0.23395255208015442,0.3400201201438904,0.40899884700775146,0.02704741060733795,0.06897872686386108
single,wearing_hat,pclarc,8,pos,0.0008804668020150341,0.21997496485710144,0.21223942935466766,0.41135260462760925,0.3962111473083496,-0.007735535502433777,-0.015141457319259644
single,wearing_hat,pclarc,8,neg,0.0,0.19239957630634308,0.22949744760990143,0.31533998250961304,0.394623339176178,0.03709787130355835,0.07928335666656494
single,wearing_hat,pclarc,9,pos,0.0007840247653323473,0.2022794485092163,0.2016213834285736,0.3630255460739136,0.35171225666999817,-0.0006580650806427002,-0.011313289403915405
single,wearing_hat,pclarc,9,neg,0.0,0.15608355402946472,0.20382428169250488,0.2617502808570862,0.3830564022064209,0.04774072766304016,0.12130612134933472
single,wearing_hat,pclarc,10,pos,0.0,0.2054060995578766,0.20167717337608337,0.3710189163684845,0.35843634605407715,-0.003728926181793213,-0.012582570314407349
single,wearing_hat,pclarc,10,neg,0.0,0.15579818189144135,0.20988312363624573,0.2609385848045349,0.3953484892845154,0.05408494174480438,0.13440990447998047
single,wearing_hat,pclarc,11,pos,0.0,0.19698330760002136,0.1893962025642395,0.3508298099040985,0.34516602754592896,-0.00758710503578186,-0.005663782358169556
single,wearing_hat,pclarc,11,neg,0.0,0.15197281539440155,0.20432734489440918,0.24348004162311554,0.3531874120235443,0.05235452950000763,0.10970737040042877
single,wearing_hat,pclarc,12,pos,0.0,0.18790194392204285,0.18527254462242126,0.34044766426086426,0.3415274918079376,-0.002629399299621582,0.0010798275470733643
single,wearing_hat,pclarc,12,neg,0.0,0.12678077816963196,0.1886853724718094,0.2002599835395813,0.3361293077468872,0.06190459430217743,0.1358693242073059
single,wearing_hat,pclarc,13,pos,0.0,0.1905914694070816,0.18828338384628296,0.34506821632385254,0.3506113290786743,-0.002308085560798645,0.005543112754821777
single,wearing_hat,pclarc,13,neg,0.0,0.13349312543869019,0.18984854221343994,0.21168029308319092,0.34981513023376465,0.056355416774749756,0.13813483715057373
single,wearing_hat,pclarc,14,pos,0.0,0.1953650414943695,0.1913754940032959,0.35811787843704224,0.35356396436691284,-0.003989547491073608,-0.0045539140701293945
single,wearing_hat,pclarc,14,neg,0.0,0.14781337976455688,0.2046227753162384,0.23082366585731506,0.3555302619934082,0.05680939555168152,0.12470659613609314
single,wearing_hat,pclarc,15,pos,0.0020956100843227965,0.19455820322036743,0.19717735052108765,0.3482697606086731,0.3485138714313507,0.002619147300720215,0.0002441108226776123
single,wearing_hat,pclarc,15,neg,0.0,0.13695169985294342,0.2002541571855545,0.2076111137866974,0.360617458820343,0.06330245733261108,0.15300634503364563
single,wearing_hat,pclarc,16,pos,0.0030460412776369683,0.20460444688796997,0.20508335530757904,0.37506240606307983,0.37088125944137573,0.0004789084196090698,-0.0041811466217041016
single,wearing_hat,pclarc,16,neg,0.0,0.1429501175880432,0.20979011058807373,0.22003574669361115,0.3823970854282379,0.06683999300003052,0.16236133873462677
single,wearing_hat,pclarc,17,pos,0.010290989621777769,0.2031823843717575,0.20523977279663086,0.36609381437301636,0.3720506429672241,0.002057388424873352,0.005956828594207764
single,wearing_hat,pclarc,17,neg,0.0,0.1420278251171112,0.21062569320201874,0.21636691689491272,0.36085450649261475,0.06859786808490753,0.14448758959770203
single,wearing_hat,pclarc,18,pos,0.009166516155492577,0.22101423144340515,0.22562789916992188,0.3715481758117676,0.376083642244339,0.004613667726516724,0.004535466432571411
single,wearing_hat,pclarc,18,neg,0.0,0.15005351603031158,0.2121165543794632,0.23082032799720764,0.376764714717865,0.06206303834915161,0.14594438672065735
single,wearing_hat,pclarc,19,pos,0.014512016130944216,0.2248261570930481,0.22248992323875427,0.36229678988456726,0.36777570843696594,-0.0023362338542938232,0.005478918552398682
single,wearing_hat,pclarc,19,neg,0.0,0.15519118309020996,0.21651765704154968,0.23655028641223907,0.38097408413887024,0.06132647395133972,0.14442379772663116
single,wearing_hat,pclarc,20,pos,0.013579005819827294,0.2587098777294159,0.2575381398200989,0.4407181441783905,0.4576259255409241,-0.0011717379093170166,0.01690778136253357
single,wearing_hat,pclarc,20,neg,0.0,0.1616881936788559,0.22638237476348877,0.27794691920280457,0.43659666180610657,0.06469418108463287,0.158649742603302
single,wearing_hat,pclarc,21,pos,0.012727665669235666,0.2633016109466553,0.2561996281147003,0.42663177847862244,0.4372081756591797,-0.007101982831954956,0.010576397180557251
single,wearing_hat,pclarc,21,neg,0.0,0.1790543645620346,0.23474374413490295,0.31766051054000854,0.4432554841041565,0.05568937957286835,0.12559497356414795
single,wearing_hat,pclarc,22,pos,0.009722746099171342,0.24037989974021912,0.23402810096740723,0.4106368124485016,0.40990543365478516,-0.00635179877281189,-0.0007313787937164307
single,wearing_hat,pclarc,22,neg,0.0,0.16040915250778198,0.22235256433486938,0.2936035394668579,0.41928786039352417,0.0619434118270874,0.12568432092666626
single,wearing_hat,pclarc,23,pos,0.0108134092060439,0.21346145868301392,0.20945215225219727,0.37304484844207764,0.3781726658344269,-0.00400930643081665,0.005127817392349243
single,wearing_hat,pclarc,23,neg,0.0,0.14847621321678162,0.20702166855335236,0.2297634482383728,0.3615832030773163,0.05854545533657074,0.13181975483894348
sequential,wearing_hat,diff_means,0,pos,0.7379161434990997,0.30248430371284485,0.31639981269836426,0.7426488995552063,0.7740588784217834,0.01391550898551941,0.03140997886657715
sequential,wearing_hat,diff_means,0,neg,0.7544026683935545,0.25877612829208374,0.25940990447998047,0.6455566883087158,0.6072268486022949,0.0006337761878967285,-0.0383298397064209
sequential,wearing_hat,diff_means,1,pos,0.15945644679711024,0.29985010623931885,0.3134496510028839,0.5300402641296387,0.5610661506652832,0.013599544763565063,0.03102588653564453
sequential,wearing_hat,diff_means,1,neg,0.23017178263765814,0.23326534032821655,0.24237781763076782,0.45213350653648376,0.47012436389923096,0.00911247730255127,0.017990857362747192
sequential,wearing_hat,diff_means,2,pos,0.053649856723959166,0.2842895984649658,0.28456538915634155,0.4953734874725342,0.5020113587379456,0.0002757906913757324,0.006637871265411377
sequential,wearing_hat,diff_means,2,neg,0.07546829791485665,0.23706361651420593,0.2351478487253189,0.4096190333366394,0.40130022168159485,-0.001915767788887024,-0.008318811655044556
sequential,wearing_hat,diff_means,3,pos,0.18830449964868934,0.2529544234275818,0.2556192874908447,0.4469153881072998,0.45031285285949707,0.0026648640632629395,0.0033974647521972656
sequential,wearing_hat,diff_means,3,neg,0.21454792098007047,0.22325798869132996,0.22233447432518005,0.39798346161842346,0.40058863162994385,-0.0009235143661499023,0.0026051700115203857
sequential,wearing_hat,diff_means,4,pos,0.3244273573683567,0.2224862277507782,0.22212450206279755,0.3730401396751404,0.37571749091148376,-0.00036172568798065186,0.002677351236343384
sequential,wearing_hat,diff_means,4,neg,0.2918366942942183,0.21190045773983002,0.21368831396102905,0.3623264729976654,0.3724518120288849,0.0017878562211990356,0.010125339031219482
sequential,wearing_hat,diff_means,5,pos,0.005896208148088,0.21597865223884583,0.2154405415058136,0.3583894371986389,0.36046266555786133,-0.0005381107330322266,0.002073228359222412
sequential,wearing_hat,diff_means,5,neg,0.01727298269150479,0.22705931961536407,0.2243390530347824,0.37914323806762695,0.3722607493400574,-0.002720266580581665,-0.00688248872756958
sequential,wearing_hat,diff_means,6,pos,0.003836426398660553,0.21052393317222595,0.21213705837726593,0.3530241549015045,0.3595524728298187,0.001613125205039978,0.006528317928314209
sequential,wearing_hat,diff_means,6,neg,0.016161791833819272,0.22336262464523315,0.22201663255691528,0.3729032874107361,0.378181517124176,-0.001345992088317871,0.005278229713439941
sequential,wearing_hat,diff_means,7,pos,0.05461055370985446,0.2235468327999115,0.22052432596683502,0.42491745948791504,0.40431737899780273,-0.003022506833076477,-0.020600080490112305
sequential,wearing_hat,diff_means,7,neg,0.0775321857306337,0.2416100949048996,0.23394747078418732,0.4072590470314026,0.40555697679519653,-0.00766262412071228,-0.0017020702362060547
sequential,wearing_hat,diff_means,8,pos,0.0,0.21662414073944092,0.21054895222187042,0.397433340549469,0.38408327102661133,-0.006075188517570496,-0.013350069522857666
sequential,wearing_hat,diff_means,8,neg,0.0017455442949410038,0.23267807066440582,0.22977414727210999,0.38860827684402466,0.3856559991836548,-0.0029039233922958374,-0.002952277660369873
sequential,wearing_hat,diff_means,9,pos,0.02925802498818708,0.2025989443063736,0.20074844360351562,0.34790945053100586,0.34819474816322327,-0.0018505007028579712,0.0002852976322174072
sequential,wearing_hat,diff_means,9,neg,0.05078745060888035,0.20130473375320435,0.19998055696487427,0.3741685748100281,0.37658751010894775,-0.0013241767883300781,0.0024189352989196777
sequential,wearing_hat,diff_means,10,pos,0.0026845869118148347,0.19925281405448914,0.200925812125206,0.3549193739891052,0.3497169315814972,0.001672998070716858,-0.005202442407608032
sequential,wearing_hat,diff_means,10,neg,0.0,0.203607976436615,0.20115485787391663,0.3865054249763489,0.38500112295150757,-0.0024531185626983643,-0.0015043020248413086
sequential,wearing_hat,diff_means,11,pos,0.0,0.18889570236206055,0.188011035323143,0.34999850392341614,0.3500404953956604,-0.0008846670389175415,4.1991472244262695e-05
sequential,wearing_hat,diff_means,11,neg,0.0,0.20380383729934692,0.20068944990634918,0.3478294014930725,0.34701138734817505,-0.0031143873929977417,-0.0008180141448974609
sequential,wearing_hat,diff_means,12,pos,0.0014412145191089465,0.1845380961894989,0.1850740909576416,0.3462196886539459,0.34472018480300903,0.0005359947681427002,-0.0014995038509368896
sequential,wearing_hat,diff_means,12,neg,0.007046795166045561,0.18671223521232605,0.18699273467063904,0.33607757091522217,0.33497199416160583,0.0002804994583129883,-0.001105576753616333
sequential,wearing_hat,diff_means,13,pos,0.0,0.18873074650764465,0.1884940266609192,0.34443965554237366,0.3432118892669678,-0.00023671984672546387,-0.0012277662754058838
sequential,wearing_hat,diff_means,13,neg,0.0,0.19789254665374756,0.19900929927825928,0.3634461760520935,0.3635023236274719,0.0011167526245117188,5.614757537841797e-05
sequential,wearing_hat,diff_means,14,pos,0.0,0.1956200897693634,0.1947098672389984,0.3502730429172516,0.35079336166381836,-0.0009102225303649902,0.0005203187465667725
sequential,wearing_hat,diff_means,14,neg,0.0,0.20487481355667114,0.20528070628643036,0.35289913415908813,0.35566243529319763,0.0004058927297592163,0.002763301134109497
sequential,wearing_hat,diff_means,15,pos,0.0,0.1976902186870575,0.19682344794273376,0.3493064045906067,0.34884756803512573,-0.0008667707443237305,-0.00045883655548095703
sequential,wearing_hat,diff_means,15,neg,0.0005631978092877077,0.20531855523586273,0.20462456345558167,0.36907312273979187,0.3717540502548218,-0.0006939917802810669,0.0026809275150299072
sequential,wearing_hat,diff_means,16,pos,0.0,0.20857325196266174,0.20828726887702942,0.3633970618247986,0.36176609992980957,-0.0002859830856323242,-0.0016309618949890137
sequential,wearing_hat,diff_means,16,neg,0.0,0.20990099012851715,0.2103992998600006,0.3822566270828247,0.38210296630859375,0.0004983097314834595,-0.00015366077423095703
sequential,wearing_hat,diff_means,17,pos,0.0,0.2059873640537262,0.20659512281417847,0.3647514581680298,0.3635527193546295,0.0006077587604522705,-0.0011987388134002686
sequential,wearing_hat,diff_means,17,neg,0.0020655674788643275,0.21210961043834686,0.21118272840976715,0.39418256282806396,0.3936953544616699,-0.0009268820285797119,-0.00048720836639404297
sequential,wearing_hat,diff_means,18,pos,0.0,0.23239412903785706,0.2289246767759323,0.38650059700012207,0.3885459005832672,-0.0034694522619247437,0.0020453035831451416
sequential,wearing_hat,diff_means,18,neg,0.004834371238514157,0.21316610276699066,0.2139481008052826,0.37520498037338257,0.37902018427848816,0.0007819980382919312,0.003815203905105591
sequential,wearing_hat,diff_means,19,pos,0.0,0.23493735492229462,0.22928884625434875,0.38524389266967773,0.3856843113899231,-0.005648508667945862,0.00044041872024536133
sequential,wearing_hat,diff_means,19,neg,0.0065173479624889286,0.22160685062408447,0.21960701048374176,0.39305853843688965,0.39044010639190674,-0.0019998401403427124,-0.00261843204498291
sequential,wearing_hat,diff_means,20,pos,0.0010157576943818913,0.2709413170814514,0.26649922132492065,0.47921788692474365,0.47991713881492615,-0.004442095756530762,0.0006992518901824951
sequential,wearing_hat,diff_means,20,neg,0.0,0.22944284975528717,0.22661587595939636,0.4339248239994049,0.42975902557373047,-0.002826973795890808,-0.0041657984256744385
sequential,wearing_hat,diff_means,21,pos,0.0,0.3022652268409729,0.2835524082183838,0.5085591077804565,0.5215402841567993,-0.01871281862258911,0.012981176376342773
sequential,wearing_hat,diff_means,21,neg,0.0,0.2426339089870453,0.2403159737586975,0.46552959084510803,0.4660337567329407,-0.0023179352283477783,0.0005041658878326416
sequential,wearing_hat,diff_means,22,pos,0.0,0.26420384645462036,0.2549598813056946,0.4265914559364319,0.4311123490333557,-0.009243965148925781,0.004520893096923828
sequential,wearing_hat,diff_means,22,neg,0.0019122464072007794,0.22358879446983337,0.22263038158416748,0.4132314920425415,0.41529661417007446,-0.0009584128856658936,0.002065122127532959
sequential,wearing_hat,diff_means,23,pos,0.0,0.2139199823141098,0.21473374962806702,0.385692834854126,0.3885546326637268,0.0008137673139572144,0.00286179780960083
sequential,wearing_hat,diff_means,23,neg,0.0,0.20449338853359222,0.2035161554813385,0.3598553538322449,0.3596384525299072,-0.0009772330522537231,-0.00021690130233764648
sequential,wearing_hat,lr,0,pos,0.0,0.30248430371284485,0.3182767629623413,0.7426488995552063,0.7922270894050598,0.01579245924949646,0.049578189849853516
sequential,wearing_hat,lr,0,neg,0.002374876533129733,0.25877612829208374,0.26283127069473267,0.6455566883087158,0.6288762092590332,0.004055142402648926,-0.016680479049682617
sequential,wearing_hat,lr,1,pos,0.48104631690485844,0.3081514239311218,0.3146490156650543,0.5587332844734192,0.5645068287849426,0.006497591733932495,0.0057735443115234375
sequential,wearing_hat,lr,1,neg,0.5341164736015983,0.2394288182258606,0.24335521459579468,0.46931731700897217,0.48029038310050964,0.003926396369934082,0.010973066091537476
sequential,wearing_hat,lr,2,pos,0.4917415784389636,0.28679102659225464,0.28975149989128113,0.48833078145980835,0.5041757225990295,0.0029604732990264893,0.01584494113922119
sequential,wearing_hat,lr,2,neg,0.5313756020054912,0.2425534427165985,0.24478140473365784,0.426883727312088,0.423591673374176,0.002227962017059326,-0.0032920539379119873
sequential,wearing_hat,lr,3,pos,0.0,0.2494957149028778,0.2516607642173767,0.4281303882598877,0.4322981834411621,0.0021650493144989014,0.004167795181274414
sequential,wearing_hat,lr,3,neg,0.0,0.2277204394340515,0.22448217868804932,0.4057820439338684,0.4111735224723816,-0.0032382607460021973,0.005391478538513184
sequential,wearing_hat,lr,4,pos,0.2791791834719217,0.22155150771141052,0.22182166576385498,0.3692149519920349,0.3727860450744629,0.000270158052444458,0.0035710930824279785
sequential,wearing_hat,lr,4,neg,0.2466516014680713,0.21379229426383972,0.21471628546714783,0.36014866828918457,0.3650791347026825,0.0009239912033081055,0.004930466413497925
sequential,wearing_hat,lr,5,pos,0.0,0.21583029627799988,0.21678151190280914,0.3628673553466797,0.3651977479457855,0.0009512156248092651,0.002330392599105835
sequential,wearing_hat,lr,5,neg,0.0,0.2266058623790741,0.2285439372062683,0.3763202726840973,0.3751227557659149,0.0019380748271942139,-0.001197516918182373
sequential,wearing_hat,lr,6,pos,0.0,0.21271218359470367,0.21420536935329437,0.3636701703071594,0.3693823516368866,0.0014931857585906982,0.005712181329727173
sequential,wearing_hat,lr,6,neg,0.0,0.22767460346221924,0.22722287476062775,0.3727263808250427,0.37579283118247986,-0.0004517287015914917,0.003066450357437134
sequential,wearing_hat,lr,7,pos,0.0,0.23006421327590942,0.2299373745918274,0.42968958616256714,0.4281112253665924,-0.00012683868408203125,-0.0015783607959747314
sequential,wearing_hat,lr,7,neg,0.0,0.245480477809906,0.2439514547586441,0.407988965511322,0.4102931618690491,-0.0015290230512619019,0.0023041963577270508
sequential,wearing_hat,lr,8,pos,0.0,0.22398903965950012,0.22461040318012238,0.41571083664894104,0.4180392026901245,0.0006213635206222534,0.0023283660411834717
sequential,wearing_hat,lr,8,neg,0.0,0.24150720238685608,0.24186822772026062,0.40614181756973267,0.4086998701095581,0.000361025333404541,0.0025580525398254395
sequential,wearing_hat,lr,9,pos,0.005282969350949074,0.20509573817253113,0.20556427538394928,0.36270466446876526,0.36319419741630554,0.00046853721141815186,0.0004895329475402832
sequential,wearing_hat,lr,9,neg,0.017965726833679918,0.21048001945018768,0.20917171239852905,0.3787204623222351,0.3799149692058563,-0.0013083070516586304,0.0011945068836212158
sequential,wearing_hat,lr,10,pos,0.0,0.2071952521800995,0.20775285363197327,0.37494832277297974,0.37486129999160767,0.0005576014518737793,-8.702278137207031e-05
sequential,wearing_hat,lr,10,neg,0.0,0.21479538083076477,0.21404534578323364,0.3962801694869995,0.3967508375644684,-0.0007500350475311279,0.00047066807746887207
sequential,wearing_hat,lr,11,pos,0.0,0.195251926779747,0.19516107439994812,0.3615855872631073,0.3606739640235901,-9.085237979888916e-05,-0.0009116232395172119
sequential,wearing_hat,lr,11,neg,0.0,0.2146790772676468,0.2146574854850769,0.3445700705051422,0.3437735438346863,-2.1591782569885254e-05,-0.0007965266704559326
sequential,wearing_hat,lr,12,pos,0.0,0.18747073411941528,0.18740877509117126,0.33799612522125244,0.3388523459434509,-6.195902824401855e-05,0.0008562207221984863
sequential,wearing_hat,lr,12,neg,0.0,0.1924085021018982,0.19323378801345825,0.33268940448760986,0.332504540681839,0.0008252859115600586,-0.00018486380577087402
sequential,wearing_hat,lr,13,pos,0.0,0.19086813926696777,0.19056004285812378,0.3496582806110382,0.3503061830997467,-0.00030809640884399414,0.0006479024887084961
sequential,wearing_hat,lr,13,neg,0.0,0.20065851509571075,0.20030808448791504,0.35219937562942505,0.3516479730606079,-0.00035043060779571533,-0.0005514025688171387
sequential,wearing_hat,lr,14,pos,0.0,0.19574272632598877,0.19520482420921326,0.35460707545280457,0.3546552360057831,-0.0005379021167755127,4.8160552978515625e-05
sequential,wearing_hat,lr,14,neg,0.0,0.20891740918159485,0.20906348526477814,0.35232114791870117,0.3531891703605652,0.00014607608318328857,0.0008680224418640137
sequential,wearing_hat,lr,15,pos,0.0,0.19404539465904236,0.19377192854881287,0.3507069945335388,0.3491259813308716,-0.0002734661102294922,-0.0015810132026672363
sequential,wearing_hat,lr,15,neg,0.0,0.1990492343902588,0.19914653897285461,0.364616721868515,0.36545810103416443,9.73045825958252e-05,0.0008413791656494141
sequential,wearing_hat,lr,16,pos,0.0,0.2073107212781906,0.20714543759822845,0.3776327967643738,0.3760635256767273,-0.0001652836799621582,-0.0015692710876464844
sequential,wearing_hat,lr,16,neg,0.0,0.20948246121406555,0.20938082039356232,0.3820038437843323,0.3812355101108551,-0.00010164082050323486,-0.0007683336734771729
sequential,wearing_hat,lr,17,pos,0.0,0.20754140615463257,0.2070254385471344,0.38123297691345215,0.380601167678833,-0.0005159676074981689,-0.0006318092346191406
sequential,wearing_hat,lr,17,neg,0.0,0.21159879863262177,0.2112097442150116,0.37159645557403564,0.36992210149765015,-0.00038905441761016846,-0.001674354076385498
sequential,wearing_hat,lr,18,pos,0.0018421224682285686,0.22897735238075256,0.22906339168548584,0.401215136051178,0.3999922275543213,8.603930473327637e-05,-0.0012229084968566895
sequential,wearing_hat,lr,18,neg,0.013234055259196964,0.2107764184474945,0.21118779480457306,0.3655720353126526,0.3647443950176239,0.00041137635707855225,-0.0008276402950286865
sequential,wearing_hat,lr,19,pos,0.0,0.23481331765651703,0.23544323444366455,0.38041505217552185,0.3799561858177185,0.000629916787147522,-0.0004588663578033447
sequential,wearing_hat,lr,19,neg,0.0,0.21961945295333862,0.22012630105018616,0.37816640734672546,0.37704142928123474,0.0005068480968475342,-0.0011249780654907227
sequential,wearing_hat,lr,20,pos,0.0,0.2601637840270996,0.258711576461792,0.4430287480354309,0.44223928451538086,-0.0014522075653076172,-0.0007894635200500488
sequential,wearing_hat,lr,20,neg,0.0,0.2256747931241989,0.22524526715278625,0.4290599822998047,0.42758041620254517,-0.0004295259714126587,-0.0014795660972595215
sequential,wearing_hat,lr,21,pos,0.0,0.27473562955856323,0.2762531638145447,0.4447711408138275,0.44402021169662476,0.0015175342559814453,-0.0007509291172027588
sequential,wearing_hat,lr,21,neg,0.0,0.24125005304813385,0.24076887965202332,0.4406614899635315,0.44017493724823,-0.00048117339611053467,-0.00048655271530151367
sequential,wearing_hat,lr,22,pos,0.0,0.2457250952720642,0.2454763948917389,0.40937596559524536,0.4109884798526764,-0.0002487003803253174,0.0016125142574310303
sequential,wearing_hat,lr,22,neg,0.0,0.22618268430233002,0.2270866483449936,0.4144643247127533,0.4142492413520813,0.0009039640426635742,-0.00021508336067199707
sequential,wearing_hat,lr,23,pos,0.0,0.21307319402694702,0.21276025474071503,0.37294450402259827,0.37335342168807983,-0.00031293928623199463,0.0004089176654815674
sequential,wearing_hat,lr,23,neg,0.0,0.20363715291023254,0.20393124222755432,0.36519378423690796,0.36362865567207336,0.00029408931732177734,-0.0015651285648345947
sequential,wearing_hat,pclarc,0,pos,0.017547596177380553,0.30248430371284485,0.3164942264556885,0.7426488995552063,0.7751204967498779,0.014009922742843628,0.03247159719467163
sequential,wearing_hat,pclarc,0,neg,0.005068881493229371,0.25877612829208374,0.25943201780319214,0.6455566883087158,0.6073284149169922,0.0006558895111083984,-0.03822827339172363
sequential,wearing_hat,pclarc,1,pos,0.005636776090322204,0.3092331290245056,0.3215101361274719,0.5605146884918213,0.5853661298751831,0.012277007102966309,0.024851441383361816
sequential,wearing_hat,pclarc,1,neg,0.0,0.23837319016456604,0.24485450983047485,0.4592679738998413,0.47875162959098816,0.0064813196659088135,0.01948365569114685
sequential,wearing_hat,pclarc,2,pos,0.0,0.299447238445282,0.2961857318878174,0.5132560729980469,0.5020847916603088,-0.0032615065574645996,-0.011171281337738037
sequential,wearing_hat,pclarc,2,neg,0.0,0.24642951786518097,0.24537160992622375,0.4317920506000519,0.4148957133293152,-0.0010579079389572144,-0.016896337270736694
sequential,wearing_hat,pclarc,3,pos,0.0,0.25812822580337524,0.2608337104320526,0.4487442970275879,0.4524543881416321,0.002705484628677368,0.0037100911140441895
sequential,wearing_hat,pclarc,3,neg,0.0,0.22590722143650055,0.22616645693778992,0.4055299758911133,0.40773504972457886,0.0002592355012893677,0.002205073833465576
sequential,wearing_hat,pclarc,4,pos,0.0,0.22210341691970825,0.22216814756393433,0.36980581283569336,0.37235698103904724,6.473064422607422e-05,0.002551168203353882
sequential,wearing_hat,pclarc,4,neg,0.0,0.21642574667930603,0.2178247720003128,0.3644116222858429,0.37148457765579224,0.001399025321006775,0.007072955369949341
sequential,wearing_hat,pclarc,5,pos,0.0,0.21533411741256714,0.2140309065580368,0.3601705729961395,0.3617481291294098,-0.0013032108545303345,0.0015775561332702637
sequential,wearing_hat,pclarc,5,neg,0.0,0.22929570078849792,0.2260865569114685,0.3808031678199768,0.37497448921203613,-0.003209143877029419,-0.005828678607940674
sequential,wearing_hat,pclarc,6,pos,0.0,0.20897263288497925,0.21095478534698486,0.35849466919898987,0.3640163540840149,0.0019821524620056152,0.005521684885025024
sequential,wearing_hat,pclarc,6,neg,0.0,0.22015929222106934,0.2188863456249237,0.36600542068481445,0.370783269405365,-0.0012729465961456299,0.004777848720550537
sequential,wearing_hat,pclarc,7,pos,0.0,0.22124797105789185,0.21709948778152466,0.4185730218887329,0.3946879506111145,-0.0041484832763671875,-0.023885071277618408
sequential,wearing_hat,pclarc,7,neg,0.0,0.24178093671798706,0.23329491913318634,0.4068673849105835,0.4023263454437256,-0.00848601758480072,-0.00454103946685791
sequential,wearing_hat,pclarc,8,pos,0.0,0.21434563398361206,0.20876964926719666,0.3951200842857361,0.38443782925605774,-0.005575984716415405,-0.010682255029678345
sequential,wearing_hat,pclarc,8,neg,0.0,0.23060745000839233,0.2284671664237976,0.3898555040359497,0.38749969005584717,-0.0021402835845947266,-0.002355813980102539
sequential,wearing_hat,pclarc,9,pos,0.0,0.20164760947227478,0.2010851800441742,0.35270291566848755,0.3517856001853943,-0.0005624294281005859,-0.0009173154830932617
sequential,wearing_hat,pclarc,9,neg,0.0,0.20277857780456543,0.20024868845939636,0.3763614892959595,0.37602871656417847,-0.0025298893451690674,-0.00033277273178100586
sequential,wearing_hat,pclarc,10,pos,0.0,0.2002369612455368,0.2009470909833908,0.36024847626686096,0.354746013879776,0.0007101297378540039,-0.005502462387084961
sequential,wearing_hat,pclarc,10,neg,0.0,0.20781175792217255,0.2061152160167694,0.3950652778148651,0.39465147256851196,-0.0016965419054031372,-0.0004138052463531494
sequential,wearing_hat,pclarc,11,pos,0.0,0.1931127905845642,0.19149959087371826,0.3429078459739685,0.34287795424461365,-0.0016131997108459473,-2.98917293548584e-05
sequential,wearing_hat,pclarc,11,neg,0.0,0.20939454436302185,0.20507991313934326,0.3508049249649048,0.34822434186935425,-0.004314631223678589,-0.002580583095550537
sequential,wearing_hat,pclarc,12,pos,0.0,0.1852634847164154,0.1855342835187912,0.3479141294956207,0.345858633518219,0.00027079880237579346,-0.0020554959774017334
sequential,wearing_hat,pclarc,12,neg,0.0,0.18733668327331543,0.18712930381298065,0.33765995502471924,0.33646976947784424,-0.00020737946033477783,-0.001190185546875
sequential,wearing_hat,pclarc,13,pos,0.0,0.18938803672790527,0.18873311579227448,0.33850711584091187,0.33756890892982483,-0.0006549209356307983,-0.0009382069110870361
sequential,wearing_hat,pclarc,13,neg,0.0,0.19151780009269714,0.19201412796974182,0.3536858558654785,0.3543311059474945,0.0004963278770446777,0.0006452500820159912
sequential,wearing_hat,pclarc,14,pos,0.0,0.1931942105293274,0.1927027404308319,0.35440897941589355,0.35243725776672363,-0.0004914700984954834,-0.001971721649169922
sequential,wearing_hat,pclarc,14,neg,0.0,0.20709025859832764,0.20681223273277283,0.36280423402786255,0.3631134033203125,-0.00027802586555480957,0.00030916929244995117
sequential,wearing_hat,pclarc,15,pos,0.0,0.19853287935256958,0.19738321006298065,0.3496023416519165,0.3508109450340271,-0.0011496692895889282,0.0012086033821105957
sequential,wearing_hat,pclarc,15,neg,0.0,0.20388385653495789,0.20391765236854553,0.3742673099040985,0.37721410393714905,3.3795833587646484e-05,0.002946794033050537
sequential,wearing_hat,pclarc,16,pos,0.0,0.20286625623703003,0.20184549689292908,0.36110836267471313,0.3598079979419708,-0.0010207593441009521,-0.0013003647327423096
sequential,wearing_hat,pclarc,16,neg,0.0,0.21115219593048096,0.2125798761844635,0.38658571243286133,0.3860187530517578,0.001427680253982544,-0.0005669593811035156
sequential,wearing_hat,pclarc,17,pos,0.0,0.19885316491127014,0.19953960180282593,0.361869752407074,0.36010944843292236,0.0006864368915557861,-0.0017603039741516113
sequential,wearing_hat,pclarc,17,neg,0.0,0.21080079674720764,0.20980176329612732,0.37882208824157715,0.3831653594970703,-0.0009990334510803223,0.004343271255493164
sequential,wearing_hat,pclarc,18,pos,0.0,0.22638604044914246,0.22326688468456268,0.37576448917388916,0.37666136026382446,-0.003119155764579773,0.0008968710899353027
sequential,wearing_hat,pclarc,18,neg,0.0,0.21132305264472961,0.21280816197395325,0.37961602210998535,0.382135272026062,0.0014851093292236328,0.00251924991607666
sequential,wearing_hat,pclarc,19,pos,0.002521976667384296,0.21359270811080933,0.2140335738658905,0.3572162389755249,0.3588724136352539,0.00044086575508117676,0.001656174659729004
sequential,wearing_hat,pclarc,19,neg,0.0,0.22037982940673828,0.21754731237888336,0.3785030245780945,0.38034334778785706,-0.0028325170278549194,0.0018403232097625732
sequential,wearing_hat,pclarc,20,pos,0.0,0.24838215112686157,0.24576707184314728,0.438654363155365,0.43808940052986145,-0.0026150792837142944,-0.00056496262550354
sequential,wearing_hat,pclarc,20,neg,0.0,0.2285689264535904,0.2272619605064392,0.45071280002593994,0.44739818572998047,-0.001306965947151184,-0.0033146142959594727
sequential,wearing_hat,pclarc,21,pos,0.0006319178404350367,0.27318310737609863,0.260270357131958,0.4530985355377197,0.4543820023536682,-0.012912750244140625,0.0012834668159484863
sequential,wearing_hat,pclarc,21,neg,0.0,0.23885412514209747,0.23650678992271423,0.44611668586730957,0.44739601016044617,-0.0023473352193832397,0.0012793242931365967
sequential,wearing_hat,pclarc,22,pos,0.0,0.2515963315963745,0.24705609679222107,0.4168739318847656,0.42450422048568726,-0.004540234804153442,0.007630288600921631
sequential,wearing_hat,pclarc,22,neg,0.0,0.22488167881965637,0.2245640754699707,0.42299801111221313,0.42196786403656006,-0.00031760334968566895,-0.0010301470756530762
sequential,wearing_hat,pclarc,23,pos,0.0,0.20913873612880707,0.20891007781028748,0.3759184777736664,0.3790823817253113,-0.00022865831851959229,0.0031639039516448975
sequential,wearing_hat,pclarc,23,neg,0.0,0.21007885038852692,0.21016091108322144,0.3628302812576294,0.36366790533065796,8.206069469451904e-05,0.0008376240730285645
